SALE TYPE,SOLD DATE,PROPERTY TYPE,ADDRESS,CITY,STATE,ZIP,PRICE,BEDS,BATHS,LOCATION,SQUARE FEET,LOT SIZE,YEAR BUILT,DAYS ON MARKET,$/SQUARE FEET,HOA/MONTH,STATUS,NEXT OPEN HOUSE START TIME,NEXT OPEN HOUSE END TIME,URL (SEE http://www.redfin.com/buy-a-home/comparative-market-analysis FOR INFO ON PRICING),SOURCE,MLS#,FAVORITE,INTERESTED,LATITUDE,LONGITUDE
MLS Listing,,Single Family Residential,711 153rd St SW,Lynnwood,WA,98087,750000,4,3.0,Lynnwood,3252,7405,2016,3,231,,Active,,,http://www.redfin.com/WA/Lynnwood/711-153rd-St-SW-98087/home/112744958,NWMLS,1285733,N,Y,47.8597444,-122.2430745
MLS Listing,,Single Family Residential,4736 S 164th St,Tukwila,WA,98188,460000,3,1.0,Tukwila,1480,18160,1960,3,311,,Active,,,http://www.redfin.com/WA/Tukwila/4736-S-164th-St-98188/home/195127,NWMLS,1286217,N,Y,47.457014,-122.2734284
MLS Listing,,Townhouse,4123 178th Lane SE #2,Bellevue,WA,98008,469000,2,2.25,South Lake Sammamish,962,114792,1988,3,488,318,Active,,,http://www.redfin.com/WA/Bellevue/4123-178th-Ln-SE-98008/unit-2/home/26835,NWMLS,1286138,N,Y,47.5709991,-122.102356
MLS Listing,,Single Family Residential,29003 55th Ave S,Auburn,WA,98001,699950,5,2.25,West Hill,2750,49813,1971,3,255,,Active,,,http://www.redfin.com/WA/Auburn/29003-55th-Ave-S-98001/home/210068,NWMLS,1284289,N,Y,47.341607,-122.2664147
MLS Listing,,Single Family Residential,9252 11th Ave NW,Seattle,WA,98117,725000,3,1.75,Crown Hill,2060,7806,1942,3,352,,Active,,,http://www.redfin.com/WA/Seattle/9252-11th-Ave-NW-98117/home/100736,NWMLS,1283598,N,Y,47.6975411,-122.3697962
MLS Listing,,Single Family Residential,20325 21st Place W,Lynnwood,WA,98036,775000,4,2.75,Alderwood Manor,2859,9583,2014,3,271,42,Active,,,http://www.redfin.com/WA/Lynnwood/20325-21st-Pl-W-98036/home/101603492,NWMLS,1285958,N,Y,47.813714,-122.2622779
MLS Listing,,Single Family Residential,20306 25th Place W,Lynnwood,WA,98036,525000,4,2.0,Edmonds,1696,7841,1965,3,310,,Active,,,http://www.redfin.com/WA/Lynnwood/20306-25th-Pl-W-98036/home/2710855,NWMLS,1285552,N,Y,47.8143169,-122.2678805
MLS Listing,,Condo/Co-op,14011 Ash Wy Unit A,Lynnwood,WA,98087,429000,2,1.5,Lynnwood,1632,16224,1964,3,263,,Active,,,http://www.redfin.com/WA/Lynnwood/14011-Ash-Way-98087/unit-A/home/2910611,NWMLS,1282931,N,Y,47.8706,-122.246966
MLS Listing,,Single Family Residential,507 223rd Place SE,Bothell,WA,98021,824900,5,2.5,Bothell,2686,12197,1989,3,307,,Active,,,http://www.redfin.com/WA/Bothell/507-223rd-Pl-SE-98021/home/2815031,NWMLS,1285931,N,Y,47.7958227,-122.2248715
MLS Listing,,Single Family Residential,9160 53rd Ave W,Mukilteo,WA,98275,649950,3,2.5,Mukilteo,3125,12362,1999,3,208,,Active,,,http://www.redfin.com/WA/Mukilteo/9160-53rd-Ave-W-98275/home/2761110,NWMLS,1269898,N,Y,47.9154696,-122.3060716
MLS Listing,,Single Family Residential,8211 Sierra Dr,Edmonds,WA,98026,567000,4,1.75,Edmonds,1920,9148,1959,3,295,,Active,,,http://www.redfin.com/WA/Edmonds/8211-Sierra-Dr-98026/home/2745883,NWMLS,1284232,N,Y,47.8243648,-122.3442658
MLS Listing,,Single Family Residential,10415 171st Ave NE,Redmond,WA,98052,1199000,4,3.25,Education Hill,2840,9375,1968,4,422,,Active,,,http://www.redfin.com/WA/Redmond/10415-171st-Ave-NE-98052/home/325624,NWMLS,1284279,N,Y,47.6935848,-122.111838
MLS Listing,,Condo/Co-op,22999 Marine View Dr S Unit D301,Seattle,WA,98198,349950,2,1.0,Des Moines,802,194079,1969,4,436,436,Active,,,http://www.redfin.com/WA/Des-Moines/22999-Marine-View-Dr-S-98198/unit-D301/home/24080,NWMLS,1282898,N,Y,47.3961657,-122.3240774
MLS Listing,,Condo/Co-op,424 N 85th St #216,Seattle,WA,98103,345000,1,1.0,Greenwood,627,,2006,4,550,347,Active,,,http://www.redfin.com/WA/Seattle/424-N-85th-St-98103/unit-216/home/22695142,NWMLS,1283836,N,Y,47.6910866,-122.3529004
MLS Listing,,Condo/Co-op,626 4th Ave W #104,Seattle,WA,98119,395000,1,1.0,Queen Anne,553,9605,1996,4,714,396,Active,,,http://www.redfin.com/WA/Seattle/626-4th-Ave-W-98119/unit-104/home/12091096,NWMLS,1284222,N,Y,47.6254301,-122.3615879
MLS Listing,,Single Family Residential,10719 SE 278th St,Kent,WA,98030,674950,5,2.5,Kent,2574,14446,2014,4,262,53,Active,,,http://www.redfin.com/WA/Kent/10719-SE-278th-St-98030/home/50269406,NWMLS,1285485,N,Y,47.3523975,-122.1979393
MLS Listing,,Single Family Residential,3401 Belvidere Ave SW,Seattle,WA,98126,849000,3,2.0,Belvidere,2710,4976,1930,4,313,,Active,,,http://www.redfin.com/WA/Seattle/3401-Belvidere-Ave-SW-98126/home/327918,NWMLS,1283723,N,Y,47.5729975,-122.3795172
MLS Listing,,Single Family Residential,1641 76th Ave SE,Lake Stevens,WA,98258,495000,5,2.75,Lake Stevens,2670,6098,2015,4,185,37,Active,,,http://www.redfin.com/WA/Lake-Stevens/1641-76th-Ave-SE-98258/home/113070871,NWMLS,1284943,N,Y,47.979965,-122.128174
MLS Listing,,Condo/Co-op,300 2nd Ave N Unit 2G,Edmonds,WA,98020,489999,2,1.0,Downtown Edmonds,946,,1965,4,518,350,Active,,,http://www.redfin.com/WA/Edmonds/300-2nd-Ave-N-98020/unit-2G/home/2667028,NWMLS,1283147,N,Y,47.8141304,-122.3783612
MLS Listing,,Condo/Co-op,583 Battery St Unit 3003N,Seattle,WA,98121,1888000,2,2.0,Belltown,1476,,2015,4,1279,1012,Active,May-8-2018 12:00 PM,May-8-2018 02:00 PM,http://www.redfin.com/WA/Seattle/583-Battery-St-98121/unit-3003N/home/113201980,NWMLS,1285060,N,Y,47.6170463,-122.3437282
MLS Listing,,Single Family Residential,16046 Military Rd S,SeaTac,WA,98188,449950,5,2.0,McMicken Heights,1840,15588,1941,4,245,,Active,,,http://www.redfin.com/WA/SeaTac/16046-Military-Rd-S-98188/home/342445,NWMLS,1285486,N,Y,47.4585792,-122.2840469
MLS Listing,,Single Family Residential,6133 NE 187th St,Kenmore,WA,98028,639900,3,1.75,Kenmore,1660,8301,1955,4,385,,Active,,,http://www.redfin.com/WA/Kenmore/6133-NE-187th-St-98028/home/95228,NWMLS,1283082,N,Y,47.7647176,-122.2629713
MLS Listing,,Single Family Residential,4103 Fremont Ave N,Seattle,WA,98103,999000,3,1.0,Fremont,1890,4000,1919,4,529,,Active,,,http://www.redfin.com/WA/Seattle/4103-Fremont-Ave-N-98103/home/303863,NWMLS,1284042,N,Y,47.6568249,-122.3502768
MLS Listing,,Single Family Residential,4620 S 122nd St,Tukwila,WA,98178,349950,3,1.0,Allentown,1050,7260,1948,4,333,,Active,,,http://www.redfin.com/WA/Tukwila/4620-S-122nd-St-98178/home/188245,NWMLS,1284684,N,Y,47.4944555,-122.2753134
MLS Listing,,Single Family Residential,6068 4th Ave NE,Seattle,WA,98115,875000,4,2.5,Green Lake,1700,6000,1990,4,515,,Active,,,http://www.redfin.com/WA/Seattle/6068-4th-Ave-NE-98115/home/304890,NWMLS,1283376,N,Y,47.6742013,-122.3241082
MLS Listing,,Single Family Residential,11232 NE 141st Place,Kirkland,WA,98034,694900,3,2.25,Kirkland,1890,6100,1977,4,368,,Active,,,http://www.redfin.com/WA/Kirkland/11232-NE-141st-Pl-98034/home/456774,NWMLS,1284066,N,Y,47.7292861,-122.191068
MLS Listing,,Townhouse,4264 213th Place SE #11,Issaquah,WA,98029,674995,3,2.25,East Lake Sammamish,1832,,2015,4,368,278,Active,,,http://www.redfin.com/WA/Issaquah/4264-213th-Pl-SE-98029/unit-11/home/144392789,NWMLS,1285467,N,Y,47.5691402,-122.0554114
MLS Listing,,Townhouse,22219 39th Place S Unit 20-1,Kent,WA,98032,374900,4,2.5,Riverview,1887,311750,2000,4,199,470,Active,,,http://www.redfin.com/WA/Kent/22219-39th-Pl-S-98032/unit-20-1/home/47368,NWMLS,1285031,N,Y,47.4022383,-122.2840389
MLS Listing,,Single Family Residential,18221 42nd Dr SE,Bothell,WA,98012,775000,5,2.75,Bothell,2724,4500,2014,4,285,35,Active,,,http://www.redfin.com/WA/Bothell/18221-42nd-Dr-SE-98012/home/55518754,NWMLS,1284364,N,Y,47.8321029,-122.1758999
MLS Listing,,Condo/Co-op,4547 8th Ave NE #311,Seattle,WA,98105,525000,1,1.0,University District,604,16772,2008,4,869,411,Active,,,http://www.redfin.com/WA/Seattle/4547-8th-Ave-NE-98105/unit-311/home/21882420,NWMLS,1284070,N,Y,47.6628143,-122.3199182
MLS Listing,,Single Family Residential,24337 NE 101st Ct,Redmond,WA,98053,457835,3,2.5,Redmond Ridge,1720,4045,2010,4,266,75,Active,,,http://www.redfin.com/WA/Redmond/24337-NE-101st-Ct-98053/home/28582217,NWMLS,1281520,N,Y,47.6877932,-122.015265
MLS Listing,,Condo/Co-op,4426 147th Place NE Unit A9,Bellevue,WA,98007,440000,2,1.75,Microsoft,1051,425059,1980,4,419,447,Active,,,http://www.redfin.com/WA/Bellevue/4426-147th-Pl-NE-98007/unit-A9/home/10403,NWMLS,1285384,N,Y,47.6498991,-122.1435564
MLS Listing,,Single Family Residential,1711 216th St SW,Lynnwood,WA,98036,425000,3,1.5,Alderwood,1248,10454,1965,4,341,,Active,,,http://www.redfin.com/WA/Lynnwood/1711-216th-St-SW-98036/home/2676227,NWMLS,1284489,N,Y,47.8026915,-122.2564811
MLS Listing,,Single Family Residential,919 SW 122nd St,Burien,WA,98146,674995,4,2.75,North Burien,3120,6854,2001,4,216,,Active,,,http://www.redfin.com/WA/Seattle/919-SW-122nd-St-98146/home/181867,NWMLS,1283222,N,Y,47.4937434,-122.3470959
MLS Listing,,Condo/Co-op,11600 100th Ave NE Unit A11,Kirkland,WA,98034,495000,2,1.75,Juanita,1473,44404,1982,4,336,390,Active,,,http://www.redfin.com/WA/Kirkland/11600-100th-Ave-NE-98034/unit-A11/home/34682,NWMLS,1283280,N,Y,47.7043363,-122.2072246
MLS Listing,,Single Family Residential,26212 44th Place S,Kent,WA,98032,399950,5,2.0,Lake Fenwick,1670,7658,1978,4,239,,Active,,,http://www.redfin.com/WA/Kent/26212-44th-Pl-S-98032/home/206296,NWMLS,1284421,N,Y,47.3663126,-122.277337
MLS Listing,,Condo/Co-op,1631 16th Ave #101,Seattle,WA,98122,462500,1,1.0,Seattle,799,28841,1929,4,579,383,Active,,,http://www.redfin.com/WA/Seattle/1631-16th-Ave-98122/unit-101/home/2093165,NWMLS,1283018,N,Y,47.6160287,-122.3118068
MLS Listing,,Single Family Residential,17240 33rd Ave S,SeaTac,WA,98188,399995,5,2.5,McMicken Heights,1730,8700,1943,4,231,,Active,,,http://www.redfin.com/WA/SeaTac/17240-33rd-Ave-S-98188/home/342458,NWMLS,1284060,N,Y,47.4483338,-122.2901652
MLS Listing,,Single Family Residential,1117 21st Ave S,Seattle,WA,98144,758000,3,1.5,Judkins,1500,4848,1998,4,505,,Active,,,http://www.redfin.com/WA/Seattle/1117-21st-Ave-S-98144/home/145523,NWMLS,1284969,N,Y,47.592517,-122.3053999
MLS Listing,,Single Family Residential,15519 8th Ave W,Lynnwood,WA,98087,755000,4,2.5,Martha Lake,3224,6019,2016,4,234,,Active,,,http://www.redfin.com/WA/Lynnwood/15519-8th-Ave-W-98087/home/104210385,NWMLS,1272645,N,Y,47.8572222,-122.2451007
MLS Listing,,Single Family Residential,26805 118th Ct SE,Kent,WA,98030,499990,4,2.5,East Hill,2870,5977,1999,5,174,,Active,,,http://www.redfin.com/WA/Kent/26805-118th-Ct-SE-98030/home/402543,NWMLS,1284936,N,Y,47.361499,-122.1845256
MLS Listing,,Single Family Residential,1228 S 273rd Place,Des Moines,WA,98198,780000,4,2.5,Des Moines,2960,7707,2015,5,264,,Active,,,http://www.redfin.com/WA/Des-Moines/1228-S-273rd-Pl-98198/home/22229002,NWMLS,1283964,N,Y,47.3576864,-122.3174801
MLS Listing,,Single Family Residential,5301 Wallingford Ave N,Seattle,WA,98103,749900,2,2.0,Green Lake,2150,2054,1911,5,349,,Active,,,http://www.redfin.com/WA/Seattle/5301-Wallingford-Ave-N-98103/home/305282,NWMLS,1284320,N,Y,47.6673428,-122.3366256
MLS Listing,,Condo/Co-op,1620 Belmont Ave #221,Seattle,WA,98122,560000,1,1.0,Capitol Hill,670,,2005,5,836,381,Active,,,http://www.redfin.com/WA/Seattle/1620-Belmont-Ave-98122/unit-221/home/12092064,NWMLS,1283361,N,Y,47.6160731,-122.3241699
MLS Listing,,Single Family Residential,340 NE 53rd St,Seattle,WA,98105,749950,4,1.75,Wallingford,1834,4080,1920,5,409,,Active,,,http://www.redfin.com/WA/Seattle/340-NE-53rd-St-98105/home/306091,NWMLS,1283898,N,Y,47.6673916,-122.3237869
MLS Listing,,Single Family Residential,2300 N 50th St,Seattle,WA,98103,649000,2,1.0,Wallingford,1368,3570,1950,5,474,,Active,,,http://www.redfin.com/WA/Seattle/2300-N-50th-St-98103/home/306140,NWMLS,1280120,N,Y,47.6652093,-122.3304415
MLS Listing,,Condo/Co-op,18707 SE Newport Wy #212,Issaquah,WA,98027,498800,2,1.75,Issaquah,1162,114134,2005,5,429,428,Active,,,http://www.redfin.com/WA/Issaquah/18707-SE-Newport-Way-98027/unit-212/home/2116949,NWMLS,1283751,N,Y,47.559498,-122.0905813
MLS Listing,,Condo/Co-op,1910 W Casino Rd #212,Everett,WA,98204,142900,1,1.0,Casino,573,69610,1992,5,249,188,Active,,,http://www.redfin.com/WA/Everett/1910-W-Casino-Rd-98204/unit-212/home/2834356,NWMLS,1283719,N,Y,47.920558,-122.25953
MLS Listing,,Single Family Residential,3528 162nd Place SE,Bothell,WA,98012,659950,3,2.5,Mill Creek,2341,3485,2006,5,282,45,Active,,,http://www.redfin.com/WA/Bothell/3528-162nd-Pl-SE-98012/home/11882562,NWMLS,1282938,N,Y,47.850457,-122.1860949
MLS Listing,,Townhouse,4629 S Holly St Unit A,Seattle,WA,98118,410000,2,1.0,Rainier Valley,820,111,2010,5,500,,Active,,,http://www.redfin.com/WA/Seattle/4629-S-Holly-St-98118/unit-A/home/28581119,NWMLS,1283037,N,Y,47.542115,-122.2739209
MLS Listing,,Single Family Residential,7749 18th Ave SW,Seattle,WA,98106,535000,3,1.0,Delridge,1060,5160,1977,5,505,,Active,,,http://www.redfin.com/WA/Seattle/7749-18th-Ave-SW-98106/home/475171,NWMLS,1282994,N,Y,47.5322391,-122.3580939
MLS Listing,,Townhouse,1418 6th Ave N,Seattle,WA,98109,1125000,3,3.0,Queen Anne,2140,1578,1996,5,526,150,Active,May-8-2018 10:00 AM,May-8-2018 12:30 PM,http://www.redfin.com/WA/Seattle/1418-6th-Ave-N-98109/home/131914,NWMLS,1283059,N,Y,47.6319427,-122.3446885
MLS Listing,,Single Family Residential,20606 SE 135th St,Issaquah,WA,98027,890000,4,3.0,Issaquah,3270,35001,1991,5,272,25,Active,,,http://www.redfin.com/WA/Issaquah/20606-SE-135th-St-98027/home/422407,NWMLS,1282019,N,Y,47.4828622,-122.0668171
MLS Listing,,Single Family Residential,16047 SE 4th St,Bellevue,WA,98008,688000,3,1.75,Bellevue,1820,8330,1958,5,378,,Active,,,http://www.redfin.com/WA/Bellevue/16047-SE-4th-St-98008/home/426333,NWMLS,1282810,N,Y,47.6059382,-122.1237293
MLS Listing,,Single Family Residential,11342 5th Ave SW,Seattle,WA,98146,640000,4,2.5,Shorewood,2620,4050,2014,5,244,70,Active,,,http://www.redfin.com/WA/Seattle/11342-5th-Ave-SW-98146/home/39904648,NWMLS,1282969,N,Y,47.501673,-122.340341
MLS Listing,,Condo/Co-op,23420 SE Black Nugget Rd Unit F101,Issaquah,WA,98029,299000,1,1.0,Issaquah Highlands,767,177151,2000,5,390,295,Active,,,http://www.redfin.com/WA/Issaquah/23420-SE-Black-Nugget-Rd-98029/unit-F101/home/144392856,NWMLS,1283789,N,Y,47.5496746,-122.0272975
MLS Listing,,Single Family Residential,4108 43rd Ave NE,Seattle,WA,98105,1500000,4,2.5,Laurelhurst,3365,6000,1928,5,446,,Active,,,http://www.redfin.com/WA/Seattle/4108-43rd-Ave-NE-98105/home/121745,NWMLS,1283283,N,Y,47.6587192,-122.2809973
MLS Listing,,Townhouse,713 NW 62nd St,Seattle,WA,98107,639000,2,1.5,Phinney Ridge,1001,3094,1990,6,638,200,Active,,,http://www.redfin.com/WA/Seattle/713-NW-62nd-St-98107/home/145547351,NWMLS,1283386,N,Y,47.6740524,-122.3656974
MLS Listing,,Single Family Residential,7444 NE 156th St,Kenmore,WA,98028,549950,3,1.0,Moorlands,1240,9750,1959,6,444,,Active,,,http://www.redfin.com/WA/Kenmore/7444-NE-156th-St-98028/home/276513,NWMLS,1284215,N,Y,47.7424591,-122.2403975
MLS Listing,,Vacant Land,15712 Greenwood Ave N,Shoreline,WA,98133,299950,0,,Shoreline,,7876,,6,,,Active,,,http://www.redfin.com/WA/Shoreline/15712-Greenwood-Ave-N-98133/home/114023598,NWMLS,1283091,N,Y,47.7432546,-122.3550292
MLS Listing,,Single Family Residential,3935 96th Ave SE,Mercer Island,WA,98040,1238000,4,2.5,Mercer Island,2460,8275,1966,6,503,,Active,,,http://www.redfin.com/WA/Mercer-Island/3935-96th-Ave-SE-98040/home/254994,NWMLS,1283150,N,Y,47.5754522,-122.2136966
MLS Listing,,Single Family Residential,11202 Marine View Dr SW,Seattle,WA,98146,745000,3,2.0,Arbor Heights,2400,10260,1939,6,310,,Active,,,http://www.redfin.com/WA/Seattle/11202-Marine-View-Dr-SW-98146/home/157712,NWMLS,1282955,N,Y,47.5026616,-122.3805645
MLS Listing,,Single Family Residential,18401 126th St SE,Renton,WA,98058,595000,5,2.75,Benson Hill,3800,22807,1983,6,157,,Active,,,http://www.redfin.com/WA/Renton/18401-126th-Pl-SE-98058/home/388357,NWMLS,1283296,N,Y,47.4371942,-122.1718955
MLS Listing,,Condo/Co-op,2220 132nd Ave SE Unit A318,Bellevue,WA,98005,550000,2,1.75,Woodridge,1190,407655,1999,6,462,477,Active,,,http://www.redfin.com/WA/Bellevue/2220-132nd-Pl-SE-98005/unit-A318/home/39890,NWMLS,1283123,N,Y,47.5905935,-122.1634139
MLS Listing,,Single Family Residential,13239 SE 252nd St,Kent,WA,98030,475000,4,2.5,Kent,2635,6544,2007,6,180,,Active,,,http://www.redfin.com/WA/Kent/13239-SE-252nd-Pl-98030/home/103976458,NWMLS,1281633,N,Y,47.3751903,-122.1855418
MLS Listing,,Single Family Residential,24111 184th Ave SE,Covington,WA,98042,420000,3,2.5,Covington,2140,5109,2010,7,196,13,Active,,,http://www.redfin.com/WA/Covington/24111-184th-Ave-SE-98042/home/22415345,NWMLS,1281413,N,Y,47.3859548,-122.0959411
MLS Listing,,Single Family Residential,8839 17th Ave SW,Seattle,WA,98106,850000,4,2.5,Highland Park,4430,6671,1928,7,192,,Active,,,http://www.redfin.com/WA/Seattle/8839-17th-Ave-SW-98106/home/476104,NWMLS,1282048,N,Y,47.5234775,-122.3568686
MLS Listing,,Single Family Residential,2023 237th St SE,Bothell,WA,98021,729950,4,2.25,Bothell,2248,9148,1986,10,325,,Active,,,http://www.redfin.com/WA/Bothell/2023-237th-St-SE-98021/home/2807191,NWMLS,1278967,N,Y,47.7836587,-122.2049366
MLS Listing,,Single Family Residential,20603 SE 136th St,Issaquah,WA,98027,819000,4,2.75,Issaquah,2598,43016,1989,10,315,25,Active,May-12-2018 11:00 AM,May-12-2018 01:00 PM,http://www.redfin.com/WA/Issaquah/20603-SE-136th-St-98027/home/422445,NWMLS,1280470,N,Y,47.4788056,-122.0665684
MLS Listing,,Single Family Residential,15707 E Shore Dr,Lynnwood,WA,98087,938950,5,3.5,Martha Lake,3601,16553,2015,10,261,,Active,,,http://www.redfin.com/WA/Lynnwood/15707-E-Shore-Dr-98087/home/77148194,NWMLS,1277835,N,Y,47.8554751,-122.2384879
MLS Listing,,Single Family Residential,3405 177th Place SE,Bothell,WA,98012,750000,5,2.75,Bothell,2492,3608,2012,11,301,35,Active,,,http://www.redfin.com/WA/Bothell/3405-177th-Pl-SE-98012/unit-49/home/51566780,NWMLS,1281521,N,Y,47.837264,-122.18684
MLS Listing,,Single Family Residential,16409 NE 143rd St,Woodinville,WA,98072,1250000,3,2.5,Hollywood Hill,3520,35038,1988,11,355,,Active,,,http://www.redfin.com/WA/Woodinville/16409-NE-143rd-St-98072/home/449427,NWMLS,1277853,N,Y,47.7287723,-122.1205312
MLS Listing,,Single Family Residential,8022 230th St SW,Edmonds,WA,98026,799999,5,4.0,Edmonds,3840,7841,1928,11,208,,Active,,,http://www.redfin.com/WA/Edmonds/8022-230th-St-SW-98026/home/2708899,NWMLS,1280660,N,Y,47.7903446,-122.3418864
MLS Listing,,Single Family Residential,27318 10th Place S,Des Moines,WA,98198,859000,4,3.0,Redondo,3170,14952,1981,11,271,,Active,,,http://www.redfin.com/WA/Des-Moines/27318-10th-Pl-S-98198/home/345399,NWMLS,1280636,N,Y,47.3565481,-122.3199637
MLS Listing,,Single Family Residential,15740 143rd Ave SE,Renton,WA,98058,685000,5,3.0,Fairwood,2910,8806,1999,11,235,28,Active,,,http://www.redfin.com/WA/Renton/15740-143rd-Ave-SE-98058/home/422719,NWMLS,1279977,N,Y,47.4627355,-122.144986
MLS Listing,,Condo/Co-op,17211 NE 45th St #80,Redmond,WA,98052,295000,1,1.0,Redmond,712,381078,1968,11,414,304,Active,,,http://www.redfin.com/WA/Redmond/17211-NE-45th-St-98052/unit-80/home/7519,NWMLS,1277906,N,Y,47.6498708,-122.1107143
MLS Listing,,Single Family Residential,1800 NE 96th St,Seattle,WA,98115,499950,2,1.0,Maple Leaf,700,5263,1944,11,714,,Active,,,http://www.redfin.com/WA/Seattle/1800-NE-96th-St-98115/home/106954,NWMLS,1280565,N,Y,47.6990277,-122.308573
MLS Listing,,Single Family Residential,12216 97th Place NE,Kirkland,WA,98034,550000,4,1.0,Kirkland,1290,9394,1961,11,426,,Active,,,http://www.redfin.com/WA/Kirkland/12216-97th-Pl-NE-98034/home/280384,NWMLS,1277988,N,Y,47.7106381,-122.2114512
MLS Listing,,Single Family Residential,4230 NE 197th St,Lake Forest Park,WA,98155,660000,3,2.0,Horizon View,2120,10041,1960,11,311,,Active,,,http://www.redfin.com/WA/Lake-Forest-Park/4230-NE-197th-St-98155/home/93495,NWMLS,1268962,N,Y,47.7736679,-122.2824332
MLS Listing,,Single Family Residential,3312 Federal Ave,Everett,WA,98201,695000,5,2.75,Everett,3394,9148,1951,12,205,,Active,,,http://www.redfin.com/WA/Everett/3312-Federal-Ave-98201/home/2685859,NWMLS,1271503,N,Y,47.973246,-122.217675
MLS Listing,,Condo/Co-op,17476 NE 40th Place Unit G2,Redmond,WA,98052,650000,2,1.5,West Lake Sammamish,1568,251900,1975,12,415,438,Active,,,http://www.redfin.com/WA/Redmond/17476-NE-40th-Pl-98052/unit-G-2/home/103959167,NWMLS,1280128,N,Y,47.6471715,-122.1063585
MLS Listing,,Condo/Co-op,11052 NE 33rd Place Unit A7,Bellevue,WA,98004,425888,2,1.0,Bellevue,845,135313,1987,12,504,400,Active,,,http://www.redfin.com/WA/Bellevue/11052-NE-33rd-Pl-98004/unit-A7/home/22401185,NWMLS,1279623,N,Y,47.6422972,-122.1928009
MLS Listing,,Single Family Residential,1222 S 273rd Place,Des Moines,WA,98198,950000,4,3.5,Des Moines,3600,7944,2018,13,264,,Active,,,http://www.redfin.com/WA/Des-Moines/1222-S-273rd-Pl-98198/home/101704380,NWMLS,1279362,N,Y,47.3576717,-122.317737
MLS Listing,,Single Family Residential,8060 40th Ave NE,Seattle,WA,98115,1474000,4,3.25,Wedgwood,3080,6975,1952,13,479,,Active,,,http://www.redfin.com/WA/Seattle/8060-40th-Ave-NE-98115/home/317497,NWMLS,1278829,N,Y,47.6882464,-122.2849335
MLS Listing,,Condo/Co-op,2440 Western Ave #211,Seattle,WA,98121,649000,1,1.5,Belltown,894,,1998,14,726,530,Active,,,http://www.redfin.com/WA/Seattle/2440-Western-Ave-98121/unit-211/home/103955650,NWMLS,1278862,N,Y,47.6139274,-122.349178
MLS Listing,,Single Family Residential,12426 8th Ave SW,Burien,WA,98146,587999,4,2.0,Shorewood,3050,14654,1942,18,193,,Active,,,http://www.redfin.com/WA/Seattle/12426-8th-Ave-SW-98146/home/181522,NWMLS,1275397,N,Y,47.4914097,-122.3442026
MLS Listing,,Single Family Residential,1536 S 258th Ct,Des Moines,WA,98198,450000,3,2.0,Woodmont,1800,7855,1987,18,250,,Active,,,http://www.redfin.com/WA/Des-Moines/1536-S-258th-Ct-98198/home/345975,NWMLS,1275673,N,Y,47.3689803,-122.3134966
MLS Listing,,Single Family Residential,18506 SE Petrovitsky Rd,Renton,WA,98058,624900,4,2.5,Fairwood,2430,18017,2005,18,257,,Active,,,http://www.redfin.com/WA/Renton/18506-SE-Petrovitsky-Rd-98058/home/391058,NWMLS,1275663,N,Y,47.4234096,-122.0943206
MLS Listing,,Single Family Residential,6009 47th Ave SW,Seattle,WA,98136,650000,4,1.75,Seaview,1660,5000,1908,18,392,,Active,,,http://www.redfin.com/WA/Seattle/6009-47th-Ave-SW-98136/home/154441,NWMLS,1275941,N,Y,47.5482193,-122.3928088
MLS Listing,,Single Family Residential,12347 Clubhouse Lane,Mukilteo,WA,98275,795000,3,2.5,Harbour Pointe,2375,8712,2000,18,335,34,Active,,,http://www.redfin.com/WA/Mukilteo/12347-Clubhouse-Ln-98275/home/2864059,NWMLS,1271139,N,Y,47.8859854,-122.3183758
MLS Listing,,Single Family Residential,702 NW 3rd Ct,Renton,WA,98057,510000,3,2.5,Bryn Mawr,1750,4531,2004,18,291,,Active,,,http://www.redfin.com/WA/Renton/702-NW-3rd-Ct-98057/home/2084787,NWMLS,1275885,N,Y,47.4880511,-122.2268061
MLS Listing,,Single Family Residential,8409 Naketa Lane,Mukilteo,WA,98275,950000,4,3.0,Mukilteo,3194,12632,1979,18,297,,Active,,,http://www.redfin.com/WA/Mukilteo/8409-Naketa-Ln-98275/home/2761125,NWMLS,1269100,N,Y,47.9212778,-122.3080039
MLS Listing,,Single Family Residential,9607 NE 132nd St,Kirkland,WA,98034,589950,4,1.75,Juanita,1650,9305,1960,18,358,,Active,,,http://www.redfin.com/WA/Kirkland/9607-NE-132nd-St-98034/home/277044,NWMLS,1276160,N,Y,47.7183044,-122.2126998
MLS Listing,,Single Family Residential,7548 35th Ave NE,Seattle,WA,98115,935000,4,2.0,Wedgwood,2530,5200,1947,18,370,,Active,,,http://www.redfin.com/WA/Seattle/7548-35th-Ave-NE-98115/home/317780,NWMLS,1276661,N,Y,47.6844492,-122.2902264
MLS Listing,,Condo/Co-op,10822 E Riverside Dr Unit A305,Bothell,WA,98011,215000,1,1.0,Sammamish River,605,128751,1985,19,355,322,Active,,,http://www.redfin.com/WA/Bothell/10822-E-Riverside-Dr-98011/unit-A305/home/51362,NWMLS,1275618,N,Y,47.754325,-122.195317
MLS Listing,,Single Family Residential,22426 95th Ct S,Kent,WA,98031,475000,4,2.5,Kent,2082,6672,2013,20,228,,Active,,,http://www.redfin.com/WA/Kent/22426-95th-Ct-S-98031/home/22673459,NWMLS,1274326,N,Y,47.4006092,-122.2132136
MLS Listing,,Single Family Residential,20021 95th Place NE,Bothell,WA,98011,579900,3,1.75,Downtown Bothell,1530,9732,1965,24,379,,Active,,,http://www.redfin.com/WA/Bothell/20021-95th-Pl-NE-98011/home/286382,NWMLS,1271935,N,Y,47.7736462,-122.2138773
MLS Listing,,Single Family Residential,20014 SE 240th St,Maple Valley,WA,98038,749950,4,1.75,Maple Valley,2290,155509,1977,25,327,,Active,,,http://www.redfin.com/WA/Maple-Valley/20014-SE-240th-St-98038/home/392095,NWMLS,1273705,N,Y,47.3877417,-122.0745578
MLS Listing,,Single Family Residential,18200 NE 110th St,Redmond,WA,98052,1100000,3,2.5,Education Hill,2510,5246,2008,25,438,35,Active,,,http://www.redfin.com/WA/Redmond/18200-NE-110th-St-98052/home/18659382,NWMLS,1272641,N,Y,47.6982269,-122.0969747
MLS Listing,,Single Family Residential,15212 SE 175th Place,Renton,WA,98058,629000,4,2.5,Fairwood Greens,2850,12800,1977,25,221,25,Active,,,http://www.redfin.com/WA/Renton/15212-SE-175th-Pl-98058/home/231440,NWMLS,1272058,N,Y,47.4462067,-122.1376068
MLS Listing,,Single Family Residential,1824 175th Place NE,Bellevue,WA,98008,899000,5,2.5,Microsoft,2460,12010,1968,26,365,,Active,,,http://www.redfin.com/WA/Bellevue/1824-175th-Pl-NE-98008/home/502494,NWMLS,1269436,N,Y,47.6273965,-122.1059528
MLS Listing,,Condo/Co-op,1414 9th Ave N #201,Edmonds,WA,98020,675000,3,1.75,Downtown Edmonds,1545,3920,1969,31,437,545,Active,,,http://www.redfin.com/WA/Edmonds/1414-9th-Ave-N-98020/unit-201/home/2680161,NWMLS,1269631,N,Y,47.8217454,-122.3658742
MLS Listing,,Condo/Co-op,2720 3rd Ave #1006,Seattle,WA,98121,598000,1,1.0,Belltown,690,,2008,31,867,416,Active,,,http://www.redfin.com/WA/Seattle/2720-3rd-Ave-98121/unit-1006/home/12536938,NWMLS,1269381,N,Y,47.6176103,-122.3490411
MLS Listing,,Single Family Residential,18936 179th Place SE,Renton,WA,98058,730000,5,2.5,Spring Lake,2950,6076,2015,32,247,50,Active,,,http://www.redfin.com/WA/Renton/18936-179th-Pl-SE-98058/home/101612043,NWMLS,1265766,N,Y,47.4319712,-122.10169
MLS Listing,,Single Family Residential,8729 176th St SE,Snohomish,WA,98296,785000,3,3.0,Snohomish,3954,56192,1987,32,199,,Active,,,http://www.redfin.com/WA/Snohomish/8729-176th-St-SE-98296/home/2670738,NWMLS,1269219,N,Y,47.8381165,-122.1133301
MLS Listing,,Condo/Co-op,17900 23rd Lane NE Unit E-204,Shoreline,WA,98155,469950,3,1.75,Shoreline,1393,98750,1976,33,337,435,Active,,,http://www.redfin.com/WA/Shoreline/17900-23rd-Ln-NE-98155/unit-E204/home/63038,NWMLS,1266289,N,Y,47.7592423,-122.3101234
MLS Listing,,Single Family Residential,26425 Marine View Dr S,Des Moines,WA,98198,610000,4,2.5,Woodmont,2410,14520,1956,39,253,,Active,,,http://www.redfin.com/WA/Des-Moines/26425-Marine-View-Dr-S-98198/home/345594,NWMLS,1264925,N,Y,47.3644568,-122.3227113
MLS Listing,,Condo/Co-op,10203 47th Ave SW Unit C9,Seattle,WA,98146,575000,1,1.75,Fauntleroy,1144,,1967,39,503,543,Active,,,http://www.redfin.com/WA/Seattle/10203-47th-Ave-SW-98146/unit-C9/home/145246829,NWMLS,1264583,N,Y,47.511345,-122.393911
MLS Listing,,Single Family Residential,615 Nile Ave NE,Renton,WA,98059,1225000,3,2.5,Highlands,2210,40075,1932,45,554,,Active,,,http://www.redfin.com/WA/Renton/615-Nile-Ave-NE-98059/home/243499,NWMLS,1263036,N,Y,47.4925855,-122.1434396
MLS Listing,,Condo/Co-op,8021 234th St SW #201,Edmonds,WA,98026,269950,2,1.5,Edmonds,978,116004,1974,45,276,455,Active,,,http://www.redfin.com/WA/Edmonds/8021-234th-St-SW-98026/unit-201/home/11882677,NWMLS,1261509,N,Y,47.787843,-122.341873
MLS Listing,,Single Family Residential,10120 Kenwanda Dr,Snohomish,WA,98296,650000,3,2.25,Kenwanda,3856,13939,1974,45,169,,Active,,,http://www.redfin.com/WA/Snohomish/10120-Kenwanda-Dr-98296/home/2659762,NWMLS,1261805,N,Y,47.876058,-122.0955192
MLS Listing,,Single Family Residential,12553 20th Ave NE,Seattle,WA,98125,724900,4,1.75,Olympic Hills,1870,5000,1957,46,388,,Active,,,http://www.redfin.com/WA/Seattle/12553-20th-Ave-NE-98125/home/115306,NWMLS,1261582,N,Y,47.7209192,-122.3075581
MLS Listing,,Condo/Co-op,2760 76th Ave SE #207,Mercer Island,WA,98040,598500,2,2.0,Mercer Island,1120,63234,1989,53,534,617,Active,,,http://www.redfin.com/WA/Mercer-Island/2760-76th-Ave-SE-98040/unit-207/home/2069171,NWMLS,1257417,N,Y,47.5851002,-122.2369633
MLS Listing,,Single Family Residential,1701 Bigelow Ave N,Seattle,WA,98109,6295000,5,5.25,Queen Anne,7750,6910,2008,56,812,,Active,,,http://www.redfin.com/WA/Seattle/1701-Bigelow-Ave-N-98109/home/134359,NWMLS,1255285,N,Y,47.6341811,-122.3487142
MLS Listing,,Single Family Residential,,Bellevue,WA,98004,1600000,5,1.75,Meydenbauer,2760,18019,1954,56,580,,Active,,,http://www.redfin.com/WA/Bellevue/Undisclosed-address-98004/home/253458,NWMLS,1250253,N,Y,47.6028007,-122.2091114
MLS Listing,,Single Family Residential,14909 175th Ave SE,Renton,WA,98059,490000,3,2.5,East Renton,1600,26374,1970,158,306,,Active,,,http://www.redfin.com/WA/Renton/14909-175th-Ave-SE-98059/home/248573,NWMLS,1218355,N,Y,47.468161,-122.1087007
MLS Listing,,Single Family Residential,12112 215th Place SE,Snohomish,WA,98296,525000,3,2.25,Echo Lake,1676,30492,1984,1,313,,Active,,,http://www.redfin.com/WA/Snohomish/12112-215th-Pl-SE-98296/home/2793964,NWMLS,1281626,N,Y,47.8016011,-122.0683501
MLS Listing,,Condo/Co-op,910 Lenora St #1007,Seattle,WA,98121,899000,2,1.75,Downtown,1212,86134,2006,1,742,1133,Active,,,http://www.redfin.com/WA/Seattle/910-Lenora-St-98121/unit-1007/home/102173820,NWMLS,1284435,N,Y,47.6177723,-122.3367117
MLS Listing,,Mobile/Manufactured Home,3328 S 221st St,SeaTac,WA,98198,299000,3,2.0,SeaTac,1400,14000,1986,1,214,,Active,,,http://www.redfin.com/WA/Seattle/3328-S-221st-St-98198/home/2086935,NWMLS,1287229,N,Y,47.4037213,-122.2890828
MLS Listing,,Single Family Residential,15431 73rd Ave SE,Snohomish,WA,98296,725000,3,2.75,Cathcart,3160,45930,1951,1,229,,Active,,,http://www.redfin.com/WA/Snohomish/15431-73rd-Ave-SE-98296/home/113826656,NWMLS,1281285,N,Y,47.856932,-122.1336577
MLS Listing,,Multi-Family (5+ Unit),3043 Island Crest Wy Unit 1-5,Mercer Island,WA,98040,2000000,9,5.0,Mercer Island,5952,9000,1960,1,336,,Active,,,http://www.redfin.com/WA/Mercer-Island/3043-Island-Crest-Way-98040/unit-1-5/home/145579080,NWMLS,1287216,N,Y,47.5824261,-122.2307224
MLS Listing,,Condo/Co-op,2721 First Ave #1207,Seattle,WA,98121,988000,2,1.75,Belltown,1117,,2005,1,885,977,Active,,,http://www.redfin.com/WA/Seattle/2721-1st-Ave-98121/unit-1207/home/2087424,NWMLS,1286780,N,Y,47.6160111,-122.351532
MLS Listing,,Single Family Residential,11920 SE 260th St,Kent,WA,98030,350000,4,2.25,Kent,1330,7352,1986,1,263,6,Active,May-12-2018 01:00 PM,May-12-2018 03:00 PM,http://www.redfin.com/WA/Kent/11920-SE-260th-St-98030/home/399540,NWMLS,1286009,N,Y,47.3692212,-122.1831079
MLS Listing,,Single Family Residential,7042 S 116 Place,Seattle,WA,98178,460000,4,1.75,Lakeridge,2560,30164,1941,1,180,,Active,May-7-2018 11:00 AM,May-7-2018 01:00 PM,http://www.redfin.com/WA/Seattle/7042-S-116th-Pl-98178/home/197695,NWMLS,1279609,N,Y,47.4986862,-122.2443442
MLS Listing,,Single Family Residential,2265 NE 73rd St,Seattle,WA,98115,595000,2,1.0,Ravenna,820,4635,1950,1,726,,Active,May-12-2018 01:00 PM,May-12-2018 04:00 PM,http://www.redfin.com/WA/Seattle/2265-NE-73rd-St-98115/home/311240,NWMLS,1286530,N,Y,47.681089,-122.3030825
MLS Listing,,Single Family Residential,919 153rd Place SW,Lynnwood,WA,98087,575000,4,2.5,Martha Lake,2306,16553,1980,1,249,,Active,,,http://www.redfin.com/WA/Lynnwood/919-153rd-St-SW-98087/home/2786365,NWMLS,1283466,N,Y,47.8595364,-122.2460946
MLS Listing,,Single Family Residential,1507 Fulton St,Everett,WA,98201,279500,2,1.0,North Everett,868,9148,1930,1,322,,Active,,,http://www.redfin.com/WA/Everett/1507-Fulton-St-98201/home/2751796,NWMLS,1287115,N,Y,47.9972759,-122.1944481
MLS Listing,,Condo/Co-op,120 NW 39th St #205,Seattle,WA,98107,340000,1,1.0,Fremont,489,12500,1988,1,695,239,Active,,,http://www.redfin.com/WA/Seattle/120-NW-39th-St-98107/unit-205/home/12318176,NWMLS,1287070,N,Y,47.6543525,-122.3584555
MLS Listing,,Single Family Residential,1235 20th Ave E,Seattle,WA,98112,2375000,5,3.75,Capitol Hill,3950,4320,1909,1,601,,Active,,,http://www.redfin.com/WA/Seattle/1235-20th-Ave-E-98112/home/135786,NWMLS,1286587,N,Y,47.6316171,-122.3062876
MLS Listing,,Single Family Residential,8620 31st Ave SW,Seattle,WA,98126,525000,3,1.0,Westwood,1040,7560,1952,1,505,,Active,May-8-2018 11:30 AM,May-8-2018 02:30 PM,http://www.redfin.com/WA/Seattle/8620-31st-Ave-SW-98126/home/473454,NWMLS,1274617,N,Y,47.5258003,-122.3722622
MLS Listing,,Single Family Residential,1031 NE 89th St,Seattle,WA,98115,885000,3,1.75,Maple Leaf,2280,6380,1930,1,388,,Active,May-7-2018 12:00 AM,May-7-2018 11:59 PM,http://www.redfin.com/WA/Seattle/1031-NE-89th-St-98115/home/109127,NWMLS,1284707,N,Y,47.6928418,-122.3162367
MLS Listing,,Single Family Residential,3027 NE 91st St,Seattle,WA,98115,900000,3,2.0,Wedgwood,3020,10026,1933,1,298,,Active,May-7-2018 10:30 AM,May-7-2018 12:30 PM,http://www.redfin.com/WA/Seattle/3027-NE-91st-St-98115/home/318208,NWMLS,1286551,N,Y,47.6945329,-122.2948254
MLS Listing,,Single Family Residential,3116 NE 83rd St,Seattle,WA,98115,925000,3,2.5,Wedgwood,2460,6000,1942,1,376,,Active,May-10-2018 05:00 PM,May-10-2018 07:00 PM,http://www.redfin.com/WA/Seattle/3116-NE-83rd-St-98115/home/318486,NWMLS,1281092,N,Y,47.6890118,-122.2942188
MLS Listing,,Single Family Residential,11860 12th Ave S,Seattle,WA,98168,350000,2,1.0,Boulevard Park,1360,7397,1942,1,257,,Active,May-8-2018 02:30 PM,May-8-2018 04:30 PM,http://www.redfin.com/WA/Seattle/11860-12th-Ave-S-98168/home/187838,NWMLS,1287085,N,Y,47.495976,-122.3175769
MLS Listing,,Single Family Residential,12550 Shorewood Lane SW,Burien,WA,98146,2079500,4,3.5,Shorewood,3530,37273,1966,1,589,6,Active,May-13-2018 01:00 PM,May-13-2018 04:00 PM,http://www.redfin.com/WA/Burien/12550-Shorewood-Ln-SW-98146/home/333028,NWMLS,1284623,N,Y,47.4900513,-122.3656988
MLS Listing,,Single Family Residential,20129 Hollyhills Dr NE,Bothell,WA,98011,598000,3,2.5,Morningside,1790,4281,1987,1,334,68,Active,May-12-2018 03:00 PM,May-12-2018 05:00 PM,http://www.redfin.com/WA/Bothell/20129-Hollyhills-Dr-NE-98011/home/287441,NWMLS,1287096,N,Y,47.7742609,-122.1715174
MLS Listing,,Vacant Land,12400 71st Ave S,Seattle,WA,98178,375000,0,,Skyway,,57086,,1,,,Active,,,http://www.redfin.com/WA/Seattle/12400-71st-Ave-S-98178/home/22485149,NWMLS,1286960,N,Y,47.4955223,-122.2446462
MLS Listing,,Single Family Residential,19018 178th Place SE,Renton,WA,98058,675000,5,2.5,Renton,2390,7890,2015,1,282,50,Active,,,http://www.redfin.com/WA/Renton/19018-178th-Pl-SE-98058/home/69357014,NWMLS,1276959,N,Y,47.4318186,-122.1026146
MLS Listing,,Townhouse,9630 2nd St SE #18,Lake Stevens,WA,98258,295000,2,2.0,Lake Stevens,1209,180323,1995,1,244,236,Active,,,http://www.redfin.com/WA/Lake-Stevens/9630-2nd-St-SE-98258/unit-18/home/2845199,NWMLS,1287043,N,Y,47.994279,-122.101753
MLS Listing,,Single Family Residential,4926 NE 24th St,Renton,WA,98059,425000,3,2.25,Renton,1740,9648,1968,1,244,,Active,,,http://www.redfin.com/WA/Renton/4926-NE-24th-St-98059/home/411974,NWMLS,1286812,N,Y,47.5131084,-122.1523378
MLS Listing,,Condo/Co-op,1856 Central Place S #35,Kent,WA,98030,125000,1,1.0,Green River,563,199208,1978,1,222,243,Active,,,http://www.redfin.com/WA/Kent/1856-Central-Pl-S-98030/unit-35/home/145577984,NWMLS,1286963,N,Y,47.3627819,-122.227868
MLS Listing,,Single Family Residential,11820 NE 71st Ln (Unit 24),Kirkland,WA,98033,1799995,4,2.5,Rose Hill,3258,3488,2017,1,552,175,Active,,,http://www.redfin.com/WA/Kirkland/11820-NE-71st-Ln-98033/home/143025742,NWMLS,1287000,N,Y,47.6691876,-122.16492
MLS Listing,,Single Family Residential,360 NE 167th St,Shoreline,WA,98155,1150000,5,2.75,Shoreline,2720,12300,2012,1,423,,Active,,,http://www.redfin.com/WA/Seattle/360-NE-167th-St-98155/home/22420888,NWMLS,1286939,N,Y,47.7506842,-122.3246427
MLS Listing,,Condo/Co-op,9805 Avondale Rd NE Unit U255,Redmond,WA,98052,389500,2,2.0,Avondale,823,,1985,1,473,378,Active,,,http://www.redfin.com/WA/Redmond/9805-Avondale-Rd-NE-98052/unit-U255/home/12536762,NWMLS,1286994,N,Y,47.6878623,-122.0944957
MLS Listing,,Single Family Residential,27221 118th Ave SE,Kent,WA,98030,275000,1,1.0,East Hill,1720,9801,1961,1,160,,Active,,,http://www.redfin.com/WA/Kent/27221-118th-Ave-SE-98030/home/404329,NWMLS,1286527,N,Y,47.3569323,-122.1837545
MLS Listing,,Townhouse,17820 19th Ave SE #10,Bothell,WA,98012,525000,3,2.5,Bothell,2390,3009,2007,1,220,41,Active,,,http://www.redfin.com/WA/Mill-Creek/17820-19th-Ave-SE-98012/unit-10/home/11884017,NWMLS,1281238,N,Y,47.835894,-122.2070586
MLS Listing,,Condo/Co-op,8614 26th Ave SW Unit C,Seattle,WA,98106,320000,2,1.75,Westwood,976,7681,1980,1,328,300,Active,,,http://www.redfin.com/WA/Seattle/8614-26th-Ave-SW-98106/unit-C/home/2080457,NWMLS,1286931,N,Y,47.5259649,-122.3655115
MLS Listing,,Single Family Residential,11442 SE 164th St,Renton,WA,98055,465000,3,2.0,Renton,1630,8790,2009,1,285,,Active,,,http://www.redfin.com/WA/Renton/11442-SE-164th-St-98055/home/22460015,NWMLS,1285009,N,Y,47.456852,-122.186978
MLS Listing,,Single Family Residential,24201 93rd Ct S #10,Kent,WA,98030,647000,4,2.75,East Hill,3079,5549,2018,1,210,30,Active,,,http://www.redfin.com/WA/Kent/24201-93rd-Pl-S-98031/unit-10/home/144856048,NWMLS,1286952,N,Y,47.4025428,-122.2166371
MLS Listing,,Single Family Residential,7051 34th Ave NE,Seattle,WA,98115,1675000,5,3.5,Bryant,4014,3800,2015,1,417,,Active,May-9-2018 04:00 PM,May-9-2018 06:00 PM,http://www.redfin.com/WA/Seattle/7051-34th-Ave-NE-98115/home/314865,NWMLS,1271104,N,Y,47.6809503,-122.2917779
MLS Listing,,Single Family Residential,1506 77th Ave SE,Lake Stevens,WA,98258,500000,7,2.75,Lake Stevens,2563,3049,2015,1,195,38,Active,May-12-2018 01:00 PM,May-12-2018 04:00 PM,http://www.redfin.com/WA/Lake-Stevens/1506-77th-Ave-SE-98258/home/113070949,NWMLS,1283424,N,Y,47.982133,-122.12803
MLS Listing,,Condo/Co-op,7301 5th Ave NE #403,Seattle,WA,98115,575000,2,2.0,Green Lake,918,6900,1999,1,626,400,Active,May-7-2018 11:00 AM,May-7-2018 01:00 PM,http://www.redfin.com/WA/Seattle/7301-5th-Ave-NE-98115/unit-403/home/44989,NWMLS,1285555,N,Y,47.6818478,-122.3231713
MLS Listing,,Mobile/Manufactured Home,3001 S 288th St #188,Federal Way,WA,98003,42000,2,1.0,Federal Way,,,1972,1,,,Active,,,http://www.redfin.com/WA/Federal-Way/3001-S-288th-St-98003/unit-188/home/143068718,NWMLS,1286927,N,Y,47.3400308,-122.2956343
MLS Listing,,Single Family Residential,4602 S 164 St,Tukwila,WA,98188,325000,2,1.0,McMicken Heights,760,8400,1943,1,428,,Active,,,http://www.redfin.com/WA/Tukwila/4602-S-164th-St-98188/home/194648,NWMLS,1286922,N,Y,47.4564807,-122.2760726
MLS Listing,,Single Family Residential,2515 68TH Ave SE,Mercer Island,WA,98040,2485000,4,3.25,First Hill,4126,14800,1986,2,602,,Active,May-12-2018 01:00 PM,May-12-2018 04:00 PM,http://www.redfin.com/WA/Mercer-Island/2515-68th-Ave-SE-98040/home/258237,NWMLS,1286291,N,Y,47.5875343,-122.2454834
MLS Listing,,Condo/Co-op,12303 Harbour point Blvd Unit FF106,Mukilteo,WA,98275,179000,1,1.0,Harbour Pointe,649,508304,1992,2,276,235,Active,,,http://www.redfin.com/WA/Mukilteo/12303-Harbour-Pointe-Blvd-98275/unit-FF106/home/11884858,NWMLS,1286902,N,Y,47.886978,-122.3058871
MLS Listing,,Single Family Residential,1708 NW Greenbrier Wy,Seattle,WA,98177,1250000,3,2.5,Blue Ridge,2945,13376,1952,2,424,83,Active,May-9-2018 11:30 AM,May-9-2018 01:30 PM,http://www.redfin.com/WA/Seattle/1708-NW-Greenbrier-Way-98177/home/288466,NWMLS,1276328,N,Y,47.7052576,-122.3791594
MLS Listing,,Condo/Co-op,910 Lenora #1406,Seattle,WA,98121,670000,1,1.0,Denny Triangle,745,,2006,2,899,696,Active,May-8-2018 11:00 AM,May-8-2018 01:00 PM,http://www.redfin.com/WA/Seattle/910-Lenora-St-98121/unit-1406/home/103955218,NWMLS,1286026,N,Y,47.6177723,-122.3367117
MLS Listing,,Vacant Land,6202 Ravenna Ave NE,Seattle,WA,98115,675000,0,,Ravenna,,3100,,2,,,Active,,,http://www.redfin.com/WA/Seattle/6202-Ravenna-Ave-NE-98115/home/307982,NWMLS,1286644,N,Y,47.6739227,-122.3034878
MLS Listing,,Single Family Residential,18623 40th Place NE,Lake Forest Park,WA,98155,1100000,5,3.0,Lake Forest Park,3528,9631,2018,2,312,,Active,,,http://www.redfin.com/WA/Lake-Forest-Park/18623-40th-Pl-NE-98155/home/93290,NWMLS,1286728,N,Y,47.764159,-122.286065
MLS Listing,,Single Family Residential,17116 163rd Ave NE,Woodinville,WA,98072,1700000,4,3.25,Hollywood Hill,4164,31687,1999,2,408,,Active,,,http://www.redfin.com/WA/Woodinville/17116-163rd-Ave-NE-98072/home/448213,NWMLS,1285828,N,Y,47.7515075,-122.1222429
MLS Listing,,Condo/Co-op,5430 California Ave SW Unit 4D,Seattle,WA,98136,575000,2,2.0,Alaska Junction,1167,7500,2001,2,493,541,Active,May-10-2018 04:30 PM,May-10-2018 07:30 PM,http://www.redfin.com/WA/Seattle/5430-California-Ave-SW-98136/unit-4D/home/145574496,NWMLS,1281844,N,Y,47.552993,-122.3865489
MLS Listing,,Single Family Residential,17114 Brentwood Place NE,Lake Forest Park,WA,98155,998000,4,2.75,Sheridan Beach,1928,5000,2018,2,518,,Active,May-8-2018 11:00 AM,May-8-2018 02:00 PM,http://www.redfin.com/WA/Lake-Forest-Park/17114-47th-Ave-NE-98155/home/89671,NWMLS,1286104,N,Y,47.7524609,-122.2775222
MLS Listing,,Single Family Residential,14124 SE 281st St,Kent,WA,98042,524950,5,3.5,East Hill,3200,6116,2003,2,164,17,Active,,,http://www.redfin.com/WA/Kent/14124-SE-281st-St-98042/home/402882,NWMLS,1282606,N,Y,47.3497623,-122.1522668
MLS Listing,,Condo/Co-op,17432 Bothell Wy NE Unit B207,Bothell,WA,98011,529000,2,2.0,Bothell,1523,139747,2001,2,347,425,Active,,,http://www.redfin.com/WA/Bothell/17432-Bothell-Way-NE-98011/unit-B207/home/67610,NWMLS,1285497,N,Y,47.754761,-122.2108271
MLS Listing,,Single Family Residential,7815 1st Ave NW,Seattle,WA,98117,450000,1,1.0,Phinney Ridge,660,1380,1913,2,682,,Active,,,http://www.redfin.com/WA/Seattle/7815-1st-Ave-NW-98117/home/495083,NWMLS,1285020,N,Y,47.6861008,-122.3582054
MLS Listing,,Condo/Co-op,8601 244th St SW Unit 1F,Edmonds,WA,98026,299000,2,2.25,Edmonds,954,39019,1977,2,313,250,Active,,,http://www.redfin.com/WA/Edmonds/8601-244th-St-SW-98026/unit-1F/home/145574333,NWMLS,1286496,N,Y,47.778283,-122.3488189
MLS Listing,,Vacant Land,21000 1st Ave SW,Normandy Park,WA,98166,175000,0,,Normandy Park,,12800,,2,,,Active,,,http://www.redfin.com/WA/Burien/21000-1st-Ave-SW-98166/home/100383339,NWMLS,1284509,N,Y,47.4777138,-122.335152
MLS Listing,,Vacant Land,3rd Ave SE,Bothell,WA,98012,675000,0,,Canyon Park,,37462,,2,,,Active,,,http://www.redfin.com/WA/Bothell/3rd-Ave-SE-98012/home/145574212,NWMLS,1286663,N,Y,47.799429,-122.228313
MLS Listing,,Townhouse,3260 SW Graham St #403,Seattle,WA,98126,589990,2,2.25,West Seattle,1377,,2018,2,428,425,Active,,,http://www.redfin.com/WA/Seattle/3260-SW-Graham-St-98126/unit-403/home/145574150,NWMLS,1286802,N,Y,47.5466169,-122.3742473
MLS Listing,,Vacant Land,12 SE 128th wy,Issaquah,WA,98027,299000,0,,Issaquah,,99271,,2,,,Active,,,http://www.redfin.com/WA/Issaquah/12-SE-128th-Way-98027/home/88384307,NWMLS,1282738,N,Y,47.48631,-122.028116
MLS Listing,,Vacant Land,Birch Lane,Snohomish,WA,98290,215000,0,,Blackmans Lake,,8335,,2,,,Active,,,http://www.redfin.com/WA/Snohomish/Birch-Ln-98290/home/145574108,NWMLS,1286748,N,Y,47.937588,-122.095404
MLS Listing,,Condo/Co-op,2111 Waverly Place N #201,Seattle,WA,98109,577017,2,2.0,Queen Anne,821,6000,1999,2,703,283,Active,,,http://www.redfin.com/WA/Seattle/2111-Waverly-Pl-N-98109/unit-201/home/29768,NWMLS,1284884,N,Y,47.6381719,-122.3429181
MLS Listing,,Single Family Residential,7007 21 Ave NW,Seattle,WA,98117,749000,2,1.0,Ballard,1640,4692,1942,2,457,,Active,,,http://www.redfin.com/WA/Seattle/7007-21st-Ave-NW-98117/home/164348,NWMLS,1286375,N,Y,47.6798245,-122.3834965
MLS Listing,,Single Family Residential,4301 Terrace Dr,Everett,WA,98203,350000,3,1.0,Everett,988,6534,1961,2,354,,Active,,,http://www.redfin.com/WA/Everett/4301-Terrace-Dr-98203/home/2711799,NWMLS,1278410,N,Y,47.9604771,-122.2118096
MLS Listing,,Single Family Residential,2104 116th Dr SE,Lake Stevens,WA,98258,429950,3,2.5,Lake Stevens,2468,4500,2010,2,174,35,Active,,,http://www.redfin.com/WA/Lake-Stevens/2104-116th-Dr-SE-98258/home/39951453,NWMLS,1286029,N,Y,47.976962,-122.0752944
MLS Listing,,Condo/Co-op,5300 Harbour Pointe Blvd Unit 309F,Mukilteo,WA,98275,229000,2,1.5,Harbour Pointe,1030,326471,1989,2,222,425,Active,,,http://www.redfin.com/WA/Mukilteo/5300-Harbour-Pointe-Blvd-98275/unit-309F/home/2918072,NWMLS,1286694,N,Y,47.8968776,-122.3048652
MLS Listing,,Single Family Residential,9306 7th St SE,Lake Stevens,WA,98258,389950,3,2.5,Lake Stevens,1500,13068,1979,2,260,,Active,,,http://www.redfin.com/WA/Lake-Stevens/9306-7th-St-SE-98258/home/2785753,NWMLS,1281849,N,Y,47.9901609,-122.1057178
MLS Listing,,Single Family Residential,5415 S 296th Ct,Auburn,WA,98001,449950,4,2.5,West Auburn,2330,9531,1983,2,193,,Active,,,http://www.redfin.com/WA/Auburn/5415-S-296th-Ct-98001/home/210106,NWMLS,1286567,N,Y,47.3361067,-122.2665815
MLS Listing,,Single Family Residential,4042 SW Henderson St,Seattle,WA,98136,1125000,4,2.25,Fauntleroy,2860,11789,1952,2,393,,Active,May-8-2018 11:00 AM,May-8-2018 12:30 PM,http://www.redfin.com/WA/Seattle/4042-SW-Henderson-St-98136/home/157010,NWMLS,1285328,N,Y,47.5224682,-122.3849787
MLS Listing,,Single Family Residential,9800 Marine View Dr,Mukilteo,WA,98275,1295000,5,3.5,Harbour Pointe,3730,15246,1989,2,347,,Active,,,http://www.redfin.com/WA/Mukilteo/9800-Marine-View-Dr-98275/home/2804067,NWMLS,1286221,N,Y,47.9096975,-122.3194915
MLS Listing,,Condo/Co-op,701 122 Ave NE #208,Bellevue,WA,98005,399999,1,1.0,Downtown Bellevue,623,68240,1968,2,642,388,Active,,,http://www.redfin.com/WA/Bellevue/701-122nd-Ave-NE-98005/unit-208/home/22692031,NWMLS,1286117,N,Y,47.6157846,-122.1783203
MLS Listing,,Single Family Residential,3423 23rd Ave S,Seattle,WA,98144,685000,4,2.0,N Beacon Hill,2100,6000,1922,2,326,,Active,,,http://www.redfin.com/WA/Seattle/3423-23rd-Ave-S-98144/home/169550,NWMLS,1272238,N,Y,47.572409,-122.3036403
MLS Listing,,Vacant Land,120 122nd St SW,Burien,WA,98146,495000,0,,Burien,,42120,,2,,,Active,,,http://www.redfin.com/WA/Seattle/120-SW-122nd-St-98146/home/145572649,NWMLS,1286433,N,Y,47.4950657,-122.335747
MLS Listing,,Single Family Residential,2355 NE 150th St #1,Shoreline,WA,98155,975000,4,2.5,Shoreline,2566,6180,2018,2,380,82,Active,,,http://www.redfin.com/WA/Shoreline/2355-NE-150th-St-98155/unit-1/home/145572640,NWMLS,1278978,N,Y,47.7373056,-122.3039829
MLS Listing,,Townhouse,7501 25th Ave NE,Seattle,WA,98115,759950,2,2.0,Ravenna,1411,1273,2018,2,539,25,Active,,,http://www.redfin.com/WA/Seattle/7501-25th-Ave-NE-98115/home/145572627,NWMLS,1286314,N,Y,47.6831248,-122.3007958
MLS Listing,,Single Family Residential,19621 62nd Ct NE,Kenmore,WA,98028,645000,4,2.75,Kenmore,2350,9653,1978,2,274,,Active,,,http://www.redfin.com/WA/Kenmore/19621-62nd-Ct-NE-98028/home/283534,NWMLS,1283022,N,Y,47.7715602,-122.2590878
MLS Listing,,Condo/Co-op,2431 S 248th St Unit C23,Kent,WA,98032,174995,2,1.0,Kent,870,,1980,2,201,389,Active,,,http://www.redfin.com/WA/Kent/2431-S-248th-St-98032/unit-C23/home/62523,NWMLS,1286688,N,Y,47.3792845,-122.3012451
MLS Listing,,Single Family Residential,4950 126th Ave SE,Bellevue,WA,98006,950000,4,1.75,Newport Hills,3270,8462,1964,2,291,,Active,,,http://www.redfin.com/WA/Bellevue/4950-126th-Ave-SE-98006/home/415674,NWMLS,1284637,N,Y,47.5580421,-122.1721855
MLS Listing,,Single Family Residential,29722 34th Ave S,Auburn,WA,98001,398000,4,2.5,Jovita Heights,1771,4610,2006,2,225,,Active,,,http://www.redfin.com/WA/Auburn/29722-34th-Ct-S-98001/home/2116913,NWMLS,1285232,N,Y,47.3355165,-122.2881985
MLS Listing,,Single Family Residential,22322 8th Ave S,Des Moines,WA,98198,565000,5,2.0,Downtown Des Moines,2802,10018,1965,2,202,,Active,,,http://www.redfin.com/WA/Des-Moines/22322-8th-Ave-S-98198/home/200107,NWMLS,1286704,N,Y,47.4013365,-122.3234688
MLS Listing,,Condo/Co-op,71 Pine St #101,Edmonds,WA,98020,739000,2,1.75,Edmonds Bowl,1146,,2005,2,645,456,Active,,,http://www.redfin.com/WA/Edmonds/71-Pine-St-98020/unit-101/home/2916708,NWMLS,1286624,N,Y,47.8042611,-122.3899373
MLS Listing,,Single Family Residential,5135 SW Admiral Wy,Seattle,WA,98116,495000,3,1.0,Alki,1600,5950,1930,2,309,,Active,,,http://www.redfin.com/WA/Seattle/5135-SW-Admiral-Way-98116/home/330306,NWMLS,1286391,N,Y,47.5790754,-122.398755
MLS Listing,,Condo/Co-op,14757 NE 32nd St Unit B301,Bellevue,WA,98007,358500,2,1.0,Microsoft,889,435710,1978,2,403,464,Active,,,http://www.redfin.com/WA/Bellevue/14757-NE-32nd-St-98007/unit-B301/home/103953962,NWMLS,1285151,N,Y,47.6386005,-122.1437883
MLS Listing,,Single Family Residential,16508 76th Ave NE,Kenmore,WA,98028,839950,4,3.5,Kenmore,2700,7442,1996,3,311,,Active,,,http://www.redfin.com/WA/Kenmore/16508-76th-Ave-NE-98028/home/274925,NWMLS,1283693,N,Y,47.7481823,-122.2391099
MLS Listing,,Condo/Co-op,3312 I St NE Unit D 201,Auburn,WA,98002,165000,2,2.0,Auburn,858,,1981,3,192,289,Active,,,http://www.redfin.com/WA/Auburn/3312-I-St-NE-98002/unit-D201/home/31099,NWMLS,1280276,N,Y,47.3366168,-122.2192387
MLS Listing,,Single Family Residential,9238 9th Ave SW,Seattle,WA,98106,439900,3,1.0,West Seattle,1170,7620,1954,3,376,,Active,,,http://www.redfin.com/WA/Seattle/9238-9th-Ave-SW-98106/home/476391,NWMLS,1286608,N,Y,47.5198053,-122.3464251
MLS Listing,,Condo/Co-op,8520 242nd St SW #306,Edmonds,WA,98026,275000,2,1.75,Edmonds,1098,57268,1978,3,250,387,Active,,,http://www.redfin.com/WA/Edmonds/8520-242nd-St-SW-98026/unit-306/home/2784718,NWMLS,1279294,N,Y,47.77911,-122.348434
MLS Listing,,Single Family Residential,3739 135th Ave SE,Bellevue,WA,98006,799950,5,1.5,Eastgate,2205,9534,1958,3,363,,Active,,,http://www.redfin.com/WA/Bellevue/3739-135th-Ave-SE-98006/home/233662,NWMLS,1283679,N,Y,47.5766686,-122.1600476
MLS Listing,,Single Family Residential,719 S 38th Ct,Renton,WA,98055,760000,5,2.5,Talbot Hill,3188,6027,2005,3,238,50,Active,,,http://www.redfin.com/WA/Renton/719-S-38th-Ct-98055/home/2067533,NWMLS,1286012,N,Y,47.4449235,-122.208208
MLS Listing,,Single Family Residential,603 38th Avenue,Seattle,WA,98122,1249000,4,2.5,Madrona,2652,5051,1920,3,471,,Active,May-7-2018 11:30 AM,May-7-2018 01:30 PM,http://www.redfin.com/WA/Seattle/603-38th-Ave-98122/home/141373,NWMLS,1285342,N,Y,47.6069555,-122.2853565
MLS Listing,,Condo/Co-op,1327 S Puget Dr Unit F12,Renton,WA,98055,199998,2,1.5,Benson Hill,982,,1980,3,204,407,Active,,,http://www.redfin.com/WA/Renton/1327-S-Puget-Dr-98055/home/58712,NWMLS,1285182,N,Y,47.460772,-122.1988571
MLS Listing,,Single Family Residential,26235 46th Ave S Ave S,Kent,WA,98032,364500,3,2.5,Kent,2250,7344,1977,3,162,,Active,,,http://www.redfin.com/WA/Kent/26235-46th-Ave-S-98032/home/206799,NWMLS,1264670,N,Y,47.3656236,-122.2766847
MLS Listing,,Single Family Residential,4081 235th Place SE,Sammamish,WA,98075,1470000,4,3.5,Sammamish,4089,4852,2018,3,360,115,Active,May-7-2018 02:00 PM,May-7-2018 06:00 PM,http://www.redfin.com/WA/Sammamish/4081-235th-Pl-SE-98075/home/145564032,NWMLS,1286407,N,Y,47.575319344,-122.0247696
MLS Listing,,Single Family Residential,4087 235th Place SE,Sammamish,WA,98075,1420000,4,3.5,Sammamish,3541,4933,2018,3,401,115,Active,May-7-2018 02:00 PM,May-7-2018 06:00 PM,http://www.redfin.com/WA/Sammamish/4087-235th-Pl-SE-98075/home/145564031,NWMLS,1286416,N,Y,47.575319344,-122.0247696
MLS Listing,,Single Family Residential,3602 S 175th St,SeaTac,WA,98188,350000,2,1.0,McMicken Heights,950,17500,1947,3,368,,Active,,,http://www.redfin.com/WA/SeaTac/3602-S-175th-St-98188/home/342484,NWMLS,1286639,N,Y,47.4464823,-122.2859168
MLS Listing,,Single Family Residential,14932 20th Ave SW,Burien,WA,98166,550000,3,2.5,Seahurst,1770,11775,1996,3,311,,Active,,,http://www.redfin.com/WA/Burien/14932-20th-Ave-SW-98166/home/185840,NWMLS,1286503,N,Y,47.4686616,-122.3582328
MLS Listing,,Single Family Residential,23552 SE 36th CT,Sammamish,WA,98075,1220000,4,2.75,Sammamish,2734,5555,2018,3,446,115,Active,May-7-2018 02:00 PM,May-7-2018 06:00 PM,http://www.redfin.com/WA/Sammamish/23552-SE-36th-St-98075/home/145564002,NWMLS,1286363,N,Y,47.575319344,-122.0247696
MLS Listing,,Single Family Residential,23563 SE 36th CT,Sammamish,WA,98075,1365000,4,2.75,Sammamish,3259,5067,2018,3,419,115,Active,May-7-2018 02:00 PM,May-7-2018 06:00 PM,http://www.redfin.com/WA/Sammamish/23563-SE-36th-St-98075/home/145564001,NWMLS,1286625,N,Y,47.575319344,-122.0247696
MLS Listing,,Single Family Residential,14820 72nd Ave W,Edmonds,WA,98026,1700000,3,2.5,Meadowdale,3516,132422,1965,3,484,,Active,,,http://www.redfin.com/WA/Edmonds/14820-72nd-Ave-W-98026/home/2713352,NWMLS,1284778,N,Y,47.8638375,-122.332142
MLS Listing,,Condo/Co-op,1017 Minor Ave #603,Seattle,WA,98104,795000,2,1.0,First Hill,1370,,1930,3,580,625,Active,,,http://www.redfin.com/WA/Seattle/1017-Minor-Ave-98104/unit-603/home/45500,NWMLS,1286584,N,Y,47.6102363,-122.3247595
MLS Listing,,Single Family Residential,5047 Ivanhoe Place NE,Seattle,WA,98105,1100000,3,1.75,Laurelhurst,2130,5000,1951,3,516,,Active,May-9-2018 11:00 AM,May-9-2018 02:00 PM,http://www.redfin.com/WA/Seattle/5047-Ivanhoe-Pl-NE-98105/home/120982,NWMLS,1283872,N,Y,47.6657871,-122.2710526
MLS Listing,,Condo/Co-op,22508 6th Ave S #3,Des Moines,WA,98198,389000,3,2.0,Des Moines,1781,,1979,3,218,174,Active,,,http://www.redfin.com/WA/Des-Moines/22508-6th-Ave-S-98198/unit-3/home/54194,NWMLS,1285574,N,Y,47.4001562,-122.3268744
MLS Listing,,Single Family Residential,16817 SE 43rd Ct (L-3),Bellevue,WA,98006,1874800,5,4.25,Lakemont,4263,13046,2018,3,440,,Active,,,http://www.redfin.com/WA/Bellevue/16817-SE-43rd-Ct-98006/home/22428914,NWMLS,1286293,N,Y,47.568417,-122.1155286
MLS Listing,,Single Family Residential,337 Factory Ave N,Renton,WA,98057,590000,5,2.5,Renton,2180,4120,2018,3,271,,Active,,,http://www.redfin.com/WA/Renton/337-Factory-Ave-N-98057/home/343055,NWMLS,1283793,N,Y,47.487785,-122.1984257
MLS Listing,,Single Family Residential,21012 40th Ave SE,Bothell,WA,98021,679950,4,2.5,Bothell,1949,2925,2012,3,349,75,Active,,,http://www.redfin.com/WA/Bothell/21012-40th-Ave-SE-98021/home/54807959,NWMLS,1286450,N,Y,47.8070222,-122.1798197
MLS Listing,,Single Family Residential,8921 5th Ave NE,Seattle,WA,98115,350000,1,1.0,Maple Leaf,670,3200,1927,3,522,,Active,,,http://www.redfin.com/WA/Seattle/8921-5th-Ave-NE-98115/home/110670,NWMLS,1285256,N,Y,47.6937879,-122.3233073
MLS Listing,,Single Family Residential,9855 NE 31st St,Bellevue,WA,98004,1595000,3,1.75,Bellevue,2110,10870,1952,3,756,,Active,,,http://www.redfin.com/WA/Bellevue/9855-NE-31st-St-98004/home/250587,NWMLS,1285064,N,Y,47.6381343,-122.2073492
MLS Listing,,Single Family Residential,13311 22nd Ave W,Lynnwood,WA,98087,450000,4,2.5,Lake Stickney,1851,3571,2007,3,243,50,Active,,,http://www.redfin.com/WA/Lynnwood/13311-22nd-Ave-W-98087/unit-53/home/12488822,NWMLS,1286610,N,Y,47.8770409,-122.2629341
MLS Listing,,Single Family Residential,1232 194th St SE,Bothell,WA,98012,978000,3,2.5,North Creek,3211,139828,1934,3,305,,Active,,,http://www.redfin.com/WA/Bothell/1232-194th-St-SE-98012/home/2546568,NWMLS,1286036,N,Y,47.8216295,-122.2161809
MLS Listing,,Single Family Residential,2427 S 132nd St,SeaTac,WA,98168,365000,3,1.0,SeaTac,2020,11675,1957,3,181,,Active,,,http://www.redfin.com/WA/SeaTac/2427-S-132nd-St-98168/home/191247,NWMLS,1285254,N,Y,47.4849245,-122.3009374
MLS Listing,,Single Family Residential,2312 W Crockett St,Seattle,WA,98199,675000,2,1.0,Magnolia,1211,4750,1969,3,557,350,Active,May-7-2018 05:00 PM,May-7-2018 07:00 PM,http://www.redfin.com/WA/Seattle/2312-W-Crockett-St-98199/home/72721,NWMLS,1286603,N,Y,47.637914,-122.386852
MLS Listing,,Single Family Residential,18324 38th Ave SE,Bothell,WA,98012,560000,3,2.5,Bothell,1594,4023,2010,3,351,107,Active,,,http://www.redfin.com/WA/Bothell/18324-38th-Ave-SE-98012/unit-78/home/12105070,NWMLS,1286484,N,Y,47.8311347,-122.1820746
MLS Listing,,Townhouse,4908 S 4th Ave Unit A,Everett,WA,98203,312900,3,2.5,Lowell,1368,12840,2010,3,229,62,Active,,,http://www.redfin.com/WA/Everett/4908-S-4th-Ave-98203/unit-A/home/28466982,NWMLS,1285648,N,Y,47.9532521,-122.1980342
MLS Listing,,Mobile/Manufactured Home,20406 Lil Bear Creek Rd #203,Woodinville,WA,98072,92500,3,2.0,Maltby,1344,,1980,3,69,,Active,,,http://www.redfin.com/WA/Woodinville/20406-Little-Bear-Creek-Rd-98072/unit-203/home/2872863,NWMLS,1285712,N,Y,47.8122839,-122.1628655
MLS Listing,,Townhouse,21507 42nd Ave S Unit K2,SeaTac,WA,98198,388000,3,2.5,Riverview,1871,380761,2004,3,207,394,Active,,,http://www.redfin.com/WA/SeaTac/21507-42nd-Ave-S-98198/unit-K2/home/2087777,NWMLS,1286175,N,Y,47.4090047,-122.2831035
MLS Listing,,Single Family Residential,6527 128th Place SW,Edmonds,WA,98026,639950,3,2.5,Picnic Point,2410,4567,2011,3,266,70,Active,,,http://www.redfin.com/WA/Edmonds/6527-128th-Pl-SW-98026/unit-1/home/39593624,NWMLS,1286583,N,Y,47.8823212,-122.322224
MLS Listing,,Condo/Co-op,588 Bell St Unit 3506S,Seattle,WA,98121,2350000,2,1.75,Belltown,1523,,2015,3,1543,1179,Active,,,http://www.redfin.com/WA/Seattle/588-Bell-St-98121/unit-3506S/home/59455362,NWMLS,1273942,N,Y,47.6164498,-122.3428091
MLS Listing,,Vacant Land,10425 22nd Ave SW,Seattle,WA,98146,185000,0,,Shorewood,,7650,,3,,,Active,,,http://www.redfin.com/WA/Seattle/10425-22nd-Ave-SW-98146/home/22486218,NWMLS,1265529,N,Y,47.509397,-122.36273
MLS Listing,,Single Family Residential,4002 S 175th St,SeaTac,WA,98188,424915,4,2.0,SeaTac,2370,13950,1947,3,179,,Active,,,http://www.redfin.com/WA/SeaTac/4002-S-175th-St-98188/home/340617,NWMLS,1286055,N,Y,47.4464303,-122.2826599
MLS Listing,,Single Family Residential,12052 157th Ct NE,Redmond,WA,98052,1335000,4,2.5,Education Hill,3060,6358,2007,3,436,38,Active,,,http://www.redfin.com/WA/Redmond/12052-157th-Ct-NE-98052/home/12301923,NWMLS,1286234,N,Y,47.707914,-122.1307986
MLS Listing,,Townhouse,8025 D 15th Ave NW,Seattle,WA,98117,959950,3,2.75,Crown Hill,2110,1011,2018,3,455,25,Active,,,http://www.redfin.com/WA/Seattle/8025-15th-Ave-NW-98117/home/145563530,NWMLS,1286489,N,Y,47.6876366,-122.3771258
MLS Listing,,Single Family Residential,12816 NE 184th Ct,Bothell,WA,98011,520000,2,2.5,Bothell,1440,10282,1981,3,361,,Active,,,http://www.redfin.com/WA/Bothell/12816-NE-184th-Ct-98011/home/287732,NWMLS,1285936,N,Y,47.7617454,-122.1686105
MLS Listing,,Single Family Residential,305 9th Ave,Kirkland,WA,98033,2600000,5,4.0,Downtown,3182,5042,2018,3,817,,Active,,,http://www.redfin.com/WA/Kirkland/305-9th-Ave-98033/home/113995669,NWMLS,1281136,N,Y,47.6818915,-122.2034367
MLS Listing,,Single Family Residential,17012 136TH PL SE,Renton,WA,98058,430000,3,2.0,Fairwood,1730,9418,1966,3,249,,Active,,,http://www.redfin.com/WA/Renton/17012-136th-Pl-SE-98058/home/227510,NWMLS,1282314,N,Y,47.4496279,-122.1582594
MLS Listing,,Single Family Residential,16430 28th Dr SE,Bothell,WA,98012,485000,4,2.25,Mill Creek,1992,7405,1979,3,243,,Active,,,http://www.redfin.com/WA/Bothell/16430-28th-Dr-SE-98012/home/2784399,NWMLS,1280531,N,Y,47.8485588,-122.1947485
MLS Listing,,Single Family Residential,1021 W McGraw St,Seattle,WA,98119,1985000,4,2.25,Queen Anne,4093,3510,1923,3,485,,Active,May-12-2018 01:00 PM,May-12-2018 04:00 PM,http://www.redfin.com/WA/Seattle/1021-W-McGraw-St-98119/home/132960,NWMLS,1285777,N,Y,47.6394393,-122.3712924
MLS Listing,,Single Family Residential,13505 64th Ave W,Edmonds,WA,98026,889000,3,2.0,Picnic Point,2728,12632,1998,3,326,,Active,,,http://www.redfin.com/WA/Edmonds/13505-64th-Ave-W-98026/home/2853692,NWMLS,1285784,N,Y,47.8759941,-122.319289
MLS Listing,,Single Family Residential,1139 3rd Ave S,Edmonds,WA,98020,749000,3,1.0,Edmonds Bowl,1701,10454,1955,3,440,,Active,,,http://www.redfin.com/WA/Edmonds/1139-3rd-Ave-S-98020/home/2749625,NWMLS,1285521,N,Y,47.8002635,-122.3798925
MLS Listing,,Condo/Co-op,16307 1st Place W #20,Bothell,WA,98012,544444,4,2.25,Martha Lake,2136,2800,2006,3,255,80,Active,,,http://www.redfin.com/WA/Bothell/16307-1st-Pl-W-98012/unit-20/home/17085355,NWMLS,1286541,N,Y,47.8499702,-122.2349352
MLS Listing,,Single Family Residential,24319 102nd Ave SE,Kent,WA,98030,749999,6,3.75,Kent,4038,24057,1966,3,186,,Active,,,http://www.redfin.com/WA/Kent/24319-102nd-Ave-SE-98030/home/397979,NWMLS,1286468,N,Y,47.3836004,-122.205394
MLS Listing,,Multi-Family (5+ Unit),10835 SE 200th St,Kent,WA,98031,2475000,12,6.0,Kent,10764,58500,1967,3,230,,Active,,,http://www.redfin.com/WA/Kent/10835-SE-200th-St-98031/home/2076556,NWMLS,1286437,N,Y,47.4226485,-122.195183
MLS Listing,,Vacant Land,242 7th Ave SE,Bothell,WA,98021,75000,0,,Bothell,,33106,,3,,,Active,,,http://www.redfin.com/WA/Bothell/242-7th-Ave-SE-Unknown/home/145563064,NWMLS,1286430,N,Y,47.777911,-122.223937
MLS Listing,,Single Family Residential,721 NE 55th St,Seattle,WA,98105,895950,4,2.5,University District,1650,2528,1923,3,543,,Active,,,http://www.redfin.com/WA/Seattle/721-NE-55th-St-98105/home/311778,NWMLS,1284431,N,Y,47.6683915,-122.3196941
MLS Listing,,Single Family Residential,2114 NW Far Country Lane,Issaquah,WA,98027,1125000,4,3.0,Issaquah,3100,5981,2004,3,363,86,Active,,,http://www.redfin.com/WA/Issaquah/2114-NW-Far-Country-Ln-98027/home/2070499,NWMLS,1274089,N,Y,47.5406393,-122.0695812
MLS Listing,,Townhouse,8710 42nd Ave S,Seattle,WA,98118,674800,3,3.5,Seattle,1296,1221,2018,3,521,210,Active,,,http://www.redfin.com/WA/Seattle/8710-42nd-Ave-S-98118/home/109661904,NWMLS,1286491,N,Y,47.5248501,-122.2806705
MLS Listing,,Townhouse,20620 76th Ave W Unit A,Edmonds,WA,98026,289950,2,1.5,Edmonds,1019,25136,1968,3,285,275,Active,,,http://www.redfin.com/WA/Edmonds/20620-76th-Ave-W-98026/unit-A/home/2840687,NWMLS,1286111,N,Y,47.8118578,-122.3361404
MLS Listing,,Single Family Residential,2651 SW 172nd St,Burien,WA,98166,925000,4,2.5,Three Tree Point,3330,8608,1994,3,278,,Active,,,http://www.redfin.com/WA/Burien/2651-SW-172nd-St-98166/home/334158,NWMLS,1284238,N,Y,47.4482425,-122.3685489
MLS Listing,,Single Family Residential,6914 218th Ave NE,Redmond,WA,98053,1375000,4,3.25,Hunters Glen,4015,72309,1987,3,342,37,Active,,,http://www.redfin.com/WA/Redmond/6914-218th-Ave-NE-98053/home/443752,NWMLS,1284393,N,Y,47.6676694,-122.0475346
MLS Listing,,Single Family Residential,7721 16th SW,Seattle,WA,98106,350000,1,1.0,Highland Park,660,5040,1918,3,530,,Active,,,http://www.redfin.com/WA/Seattle/7721-16th-Ave-SW-98106/home/476344,NWMLS,1286410,N,Y,47.5329679,-122.3554114
MLS Listing,,Condo/Co-op,5844 NE 75th St Unit A212,Seattle,WA,98115,290000,1,1.0,Sand Point,656,114531,1977,3,442,293,Active,,,http://www.redfin.com/WA/Seattle/5844-NE-75th-St-98115/unit-A212/home/52347,NWMLS,1285285,N,Y,47.6834599,-122.26458
MLS Listing,,Condo/Co-op,23417 16th Ave S Unit B101,Des Moines,WA,98198,175000,2,1.0,Des Moines,696,203861,1984,3,251,298,Active,,,http://www.redfin.com/WA/Des-Moines/23417-16th-Ave-S-98198/unit-B101/home/17381531,NWMLS,1285604,N,Y,47.3911557,-122.3125642
MLS Listing,,Single Family Residential,6011 174th St SE,Snohomish,WA,98296,874950,3,2.5,Clearview,2770,27878,2001,3,316,,Active,,,http://www.redfin.com/WA/Snohomish/6011-174th-St-SE-98296/home/2884989,NWMLS,1281451,N,Y,47.8399301,-122.1514971
MLS Listing,,Single Family Residential,5126 133rd St SW,Edmonds,WA,98026,729900,3,2.25,Wingate,2696,25264,1976,3,271,,Active,,,http://www.redfin.com/WA/Edmonds/5126-133rd-St-SW-98026/home/2772653,NWMLS,1283345,N,Y,47.8773764,-122.3034767
MLS Listing,,Mobile/Manufactured Home,11622 Silver Lake Rd #30,Everett,WA,98208,109500,2,2.0,Silver Lake,1344,,1977,3,81,,Active,,,http://www.redfin.com/WA/Everett/11622-Silver-Way-98208/unit-30/home/2878525,NWMLS,1286248,N,Y,47.8921496,-122.2259826
MLS Listing,,Townhouse,108 96th Ave SE Unit A,Lake Stevens,WA,98258,295000,3,2.5,Lake Stevens,1280,,2000,3,230,235,Active,,,http://www.redfin.com/WA/Lake-Stevens/108-96th-Ave-SE-98258/unit-A/home/2885047,NWMLS,1283185,N,Y,47.995076,-122.10118
MLS Listing,,Single Family Residential,17399 NE 122nd St,Redmond,WA,98052,1419900,5,3.5,Education Hill,3024,5725,2018,3,470,88,Active,,,http://www.redfin.com/WA/Redmond/17399-NE-122nd-St-98052/home/145562442,NWMLS,1286449,N,Y,47.7089601,-122.104958
MLS Listing,,Single Family Residential,17407 NE 122nd St,Redmond,WA,98052,1409900,4,2.75,Education Hill,3290,5738,2018,3,429,88,Active,,,http://www.redfin.com/WA/Redmond/17407-NE-122nd-St-98052/home/145562421,NWMLS,1286436,N,Y,47.7089601,-122.104958
MLS Listing,,Single Family Residential,1405 Hoyt Ave,Everett,WA,98201,325000,2,1.0,Downtown,1037,6098,1910,3,313,,Active,,,http://www.redfin.com/WA/Everett/1405-Hoyt-Ave-98201/home/2687647,NWMLS,1283251,N,Y,47.9987466,-122.2091543
MLS Listing,,Single Family Residential,12223 8th Ave NW,Seattle,WA,98177,1350000,4,2.0,Broadview,3180,7784,1960,3,425,,Active,May-9-2018 11:30 AM,May-9-2018 01:30 PM,http://www.redfin.com/WA/Seattle/12223-8th-Ave-NW-98177/home/291656,NWMLS,1286000,N,Y,47.7185748,-122.3667361
MLS Listing,,Condo/Co-op,2425 33rd Ave W #402,Seattle,WA,98199,1200000,3,2.0,Magnolia,2023,18003,2003,3,593,900,Active,May-8-2018 11:00 AM,May-8-2018 01:00 PM,http://www.redfin.com/WA/Seattle/2425-33rd-Ave-W-98199/unit-402/home/972,NWMLS,1276189,N,Y,47.6402385,-122.3999042
MLS Listing,,Single Family Residential,26228 14th Ave S,Des Moines,WA,98198,425000,3,2.0,Saltwater Park,1304,7725,1967,3,326,,Active,,,http://www.redfin.com/WA/Des-Moines/26228-14th-Ave-S-98198/home/346014,NWMLS,1286440,N,Y,47.3661432,-122.3160105
MLS Listing,,Single Family Residential,7431 W Mercer Way,Mercer Island,WA,98040,2698000,4,3.25,Mercer Island,3900,17000,1986,3,692,,Active,,,http://www.redfin.com/WA/Mercer-Island/7431-W-Mercer-Way-98040/home/258939,NWMLS,1286290,N,Y,47.5355115,-122.2416909
MLS Listing,,Single Family Residential,3912 114th St SE,Everett,WA,98208,589000,4,2.75,Silver Lake,2664,9583,1995,3,221,40,Active,,,http://www.redfin.com/WA/Everett/3912-114th-St-SE-98208/home/2842042,NWMLS,1285132,N,Y,47.894212,-122.1785366
MLS Listing,,Single Family Residential,20537 Marine View Dr SW,Normandy Park,WA,98166,675000,3,2.25,Normandy Park,1750,17176,1965,3,386,,Active,,,http://www.redfin.com/WA/Normandy-Park/20537-Marine-View-Dr-SW-98166/home/334138,NWMLS,1285968,N,Y,47.4196147,-122.3420418
MLS Listing,,Condo/Co-op,1138 N 198th St Unit D304,Shoreline,WA,98133,275000,2,2.0,Echo Lake,854,134105,1986,3,322,309,Active,,,http://www.redfin.com/WA/Shoreline/1138-N-198th-St-98133/unit-D304/home/2117504,NWMLS,1284454,N,Y,47.7725354,-122.3443053
MLS Listing,,Single Family Residential,3423 30th Dr Unit 26.7,Everett,WA,98201,419990,3,3.5,Everett,1548,1751,2018,3,271,130,Active,,,http://www.redfin.com/WA/Everett/3423-30th-Dr-98201/unit-267/home/145562310,NWMLS,1286426,N,Y,47.9719294,-122.1901376
MLS Listing,,Single Family Residential,11640 72nd Place NE,Kirkland,WA,98034,1789800,4,3.75,Holmes Point,3592,15280,2015,3,498,,Active,,,http://www.redfin.com/WA/Kirkland/11640-72nd-Pl-NE-98034/home/22447102,NWMLS,1284380,N,Y,47.7053619,-122.2435631
MLS Listing,,Single Family Residential,13712 90th Ave NE,Kirkland,WA,98034,560000,3,1.0,Finn Hill,970,7181,1969,3,577,,Active,,,http://www.redfin.com/WA/Kirkland/13712-90th-Ave-NE-98034/home/278550,NWMLS,1286405,N,Y,47.7232244,-122.2209313
MLS Listing,,Single Family Residential,22208 92nd Ave W,Edmonds,WA,98020,1099000,5,2.75,Edmonds,3232,9148,2018,3,340,,Active,,,http://www.redfin.com/WA/Edmonds/22208-92nd-Ave-W-98020/home/2731824,NWMLS,1286300,N,Y,47.7972561,-122.3564949
MLS Listing,,Condo/Co-op,5300 Harbour Pointe Blvd Unit 301C,Mukilteo,WA,98275,184950,1,1.0,Harbour Pointe,723,,1989,3,256,315,Active,,,http://www.redfin.com/WA/Mukilteo/5300-Harbour-Pointe-Blvd-98275/unit-301C/home/3034390,NWMLS,1286211,N,Y,47.8968776,-122.3048652
MLS Listing,,Single Family Residential,611 35th Ave,Seattle,WA,98122,675000,2,1.0,Madrona,1290,3000,1901,3,523,,Active,,,http://www.redfin.com/WA/Seattle/611-35th-Ave-98122/home/141484,NWMLS,1282663,N,Y,47.6071643,-122.2886031
MLS Listing,,Single Family Residential,19715 10th Ave S,Des Moines,WA,98148,449950,4,2.0,Des Moines,2000,9081,1955,3,225,,Active,,,http://www.redfin.com/WA/Des-Moines/19715-10th-Ave-S-98148/home/339938,NWMLS,1284423,N,Y,47.4250818,-122.3230822
MLS Listing,,Single Family Residential,12816 SE 185th Place,Renton,WA,98058,428500,4,2.25,Fairwood,2050,9680,1968,3,209,,Active,,,http://www.redfin.com/WA/Renton/12816-SE-185th-Pl-98058/home/389499,NWMLS,1286362,N,Y,47.4366753,-122.1689955
MLS Listing,,Condo/Co-op,11439 SE 257th Unit H101,Kent,WA,98030,200000,3,2.0,East Hill,1004,182039,1983,3,199,351,Active,,,http://www.redfin.com/WA/Kent/11439-SE-257th-Pl-98030/unit-H101/home/145562216,NWMLS,1272240,N,Y,47.371224,-122.1872194
MLS Listing,,Single Family Residential,1701 30th St SE,Snohomish,WA,98290,499950,3,2.0,Snohomish,2006,33541,1965,3,249,,Active,,,http://www.redfin.com/WA/Snohomish/1701-30th-St-98290/home/2451648,NWMLS,1286038,N,Y,47.9453335,-122.1042774
MLS Listing,,Townhouse,10709 221st Lane NE,Redmond,WA,98053,719950,3,2.5,Redmond Ridge,1754,,2000,3,410,197,Active,,,http://www.redfin.com/WA/Redmond/10709-221st-Ln-NE-98053/unit-4/home/68027,NWMLS,1286187,N,Y,47.6943339,-122.044006
MLS Listing,,Vacant Land,1982 Perkins Lane W,Seattle,WA,98199,60000,0,,Magnolia,,2813,,3,,,Active,,,http://www.redfin.com/WA/Seattle/1982-Perkins-Ln-W-98199/home/143221202,NWMLS,1285724,N,Y,47.6364284,-122.4074142
MLS Listing,,Vacant Land,8000 Avondale Rd NE,Redmond,WA,98052,1000000,0,,Avondale,,506055,,3,,,Active,,,http://www.redfin.com/WA/Redmond/8000-Avondale-Rd-NE-98052/home/102007106,NWMLS,1283897,N,Y,47.6806624,-122.1098373
MLS Listing,,Single Family Residential,322 N 122nd St,Seattle,WA,98133,750000,3,1.5,Broadview,1720,6963,1936,3,436,,Active,,,http://www.redfin.com/WA/Seattle/322-N-122nd-St-98133/home/97750,NWMLS,1284661,N,Y,47.7179686,-122.3545093
MLS Listing,,Townhouse,20406 124th Ave NE #62,Bothell,WA,98011,715000,4,3.0,Bothell,2655,3478,2007,3,269,37,Active,,,http://www.redfin.com/WA/Bothell/20406-124th-Ave-NE-98011/unit-62/home/12092757,NWMLS,1286371,N,Y,47.7756252,-122.1754046
MLS Listing,,Condo/Co-op,3924 243rd Place SE Unit G202,Bothell,WA,98021,305000,2,2.0,Bothell,983,701709,1997,3,310,423,Active,,,http://www.redfin.com/WA/Bothell/3924-243rd-Pl-SE-98021/unit-G202/home/16879022,NWMLS,1283765,N,Y,47.776305,-122.180125
MLS Listing,,Vacant Land,11015 164th Ave SE,Renton,WA,98059,500000,0,,Coalfield,,179850,,3,,,Active,,,http://www.redfin.com/WA/Renton/11015-164th-Ave-SE-98059/home/409491,NWMLS,1286090,N,Y,47.5034009,-122.12335
MLS Listing,,Single Family Residential,3321 104th Place SE,Everett,WA,98208,779000,4,2.75,Hilton Lake,3125,8276,1979,3,249,34,Active,May-8-2018 11:30 AM,May-8-2018 01:30 PM,http://www.redfin.com/WA/Everett/3321-104th-Pl-SE-98208/home/2782319,NWMLS,1276235,N,Y,47.902945,-122.1873881
MLS Listing,,Single Family Residential,11405 21st Ave SW,Seattle,WA,98146,599950,4,1.75,Shorewood,1840,9381,1954,3,326,,Active,,,http://www.redfin.com/WA/Seattle/11405-21st-Ave-SW-98146/home/180624,NWMLS,1286231,N,Y,47.5008175,-122.3608268
MLS Listing,,Single Family Residential,411 Windsor Dr SE,Sammamish,WA,98074,1728000,4,4.0,Sammamish,4670,25326,1997,3,370,83,Active,,,http://www.redfin.com/WA/Sammamish/411-Windsor-Dr-SE-98074/home/434554,NWMLS,1285964,N,Y,47.6049697,-122.0057524
MLS Listing,,Single Family Residential,11321 E Riverside Dr,Bothell,WA,98011,799950,3,2.5,Downtown Bothell,2660,74052,1977,3,301,,Active,,,http://www.redfin.com/WA/Bothell/11321-E-Riverside-Dr-98011/home/284605,NWMLS,1286174,N,Y,47.7517821,-122.1885119
MLS Listing,,Single Family Residential,24322 135th Ave SE,Kent,WA,98042,625000,4,2.75,Meridian Valley CC,2730,12640,1978,3,229,75,Active,,,http://www.redfin.com/WA/Kent/24322-135th-Ave-SE-98042/home/401413,NWMLS,1272313,N,Y,47.3831188,-122.1610399
MLS Listing,,Condo/Co-op,14580 NE 31st St Unit G-205,Bellevue,WA,98007,259000,1,1.0,Microsoft,680,435710,1978,3,381,243,Active,,,http://www.redfin.com/WA/Bellevue/14580-NE-31st-St-98007/unit-G205/home/21171,NWMLS,1286052,N,Y,47.6380723,-122.146103
MLS Listing,,Single Family Residential,9404 36th Ave SE,Everett,WA,98208,899000,4,2.5,Eastmont,3110,22216,1989,3,289,5,Active,,,http://www.redfin.com/WA/Everett/9404-36th-Ave-SE-98208/home/2815876,NWMLS,1283071,N,Y,47.9123776,-122.1835698
MLS Listing,,Single Family Residential,2815 E Denny Wy,Seattle,WA,98122,575000,2,1.0,Madison Valley,650,4500,1950,3,885,,Active,,,http://www.redfin.com/WA/Seattle/2815-E-Denny-Way-98122/home/145771,NWMLS,1283460,N,Y,47.6187321,-122.2952646
MLS Listing,,Townhouse,1943 7th Ave W Unit B,Seattle,WA,98119,1379000,4,3.25,Queen Anne,2700,1790,2009,3,511,,Active,May-7-2018 06:00 PM,May-7-2018 08:00 PM,http://www.redfin.com/WA/Seattle/1943-7th-Ave-W-98119/unit-B/home/134961,NWMLS,1286359,N,Y,47.6371813,-122.3666357
MLS Listing,,Single Family Residential,11515 NE 112th St,Kirkland,WA,98033,699000,3,1.75,Forbes Creek,1900,9900,1968,3,368,,Active,,,http://www.redfin.com/WA/Kirkland/11515-NE-112th-St-98033/home/464266,NWMLS,1267159,N,Y,47.7001885,-122.1869638
MLS Listing,,Single Family Residential,12448 14th Ave S,Seattle,WA,98168,469950,3,1.5,Boulevard Park,1020,15000,1928,3,461,,Active,,,http://www.redfin.com/WA/Seattle/12448-14th-Ave-S-98168/home/189179,NWMLS,1280292,N,Y,47.4907548,-122.3150516
MLS Listing,,Single Family Residential,6809 E Mercer Wy,Mercer Island,WA,98040,2495000,4,3.5,Eastside,4300,26443,1934,3,580,,Active,,,http://www.redfin.com/WA/Mercer-Island/6809-E-Mercer-Way-98040/home/256073,NWMLS,1282456,N,Y,47.541343,-122.213321
MLS Listing,,Condo/Co-op,530 Broadway Ave E #115,Seattle,WA,98102,675000,1,1.5,Capitol Hill,925,,2007,3,730,534,Active,,,http://www.redfin.com/WA/Seattle/530-Broadway-E-98102/unit-115/home/21617402,NWMLS,1284648,N,Y,47.6237244,-122.3206618
MLS Listing,,Single Family Residential,20013 3rd Dr SE,Bothell,WA,98012,549900,3,2.0,Thrashers Corner,1608,10454,1986,3,342,,Active,,,http://www.redfin.com/WA/Bothell/20013-3rd-Dr-SE-98012/home/2806483,NWMLS,1282656,N,Y,47.8158649,-122.2275091
MLS Listing,,Single Family Residential,5606 80th Ave SE,Mercer Island,WA,98040,3750000,4,4.5,Groveland,6440,19050,2008,3,582,,Active,,,http://www.redfin.com/WA/Mercer-Island/5606-80th-Ave-SE-98040/home/258841,NWMLS,1277526,N,Y,47.5522067,-122.2313172
MLS Listing,,Single Family Residential,8038 36th Ave NE,Seattle,WA,98115,700000,3,1.0,Wedgwood,1800,5406,1947,3,389,,Active,,,http://www.redfin.com/WA/Seattle/8038-36th-Ave-NE-98115/home/316664,NWMLS,1286255,N,Y,47.6878462,-122.2893059
MLS Listing,,Single Family Residential,2522 SW 57th Ave,Seattle,WA,98116,575000,2,1.0,Alki,1860,6780,1918,3,309,,Active,,,http://www.redfin.com/WA/Seattle/2522-57th-Ave-SW-98116/home/150354,NWMLS,1286282,N,Y,47.5805166,-122.4048949
MLS Listing,,Single Family Residential,16029 SE 140th St,Renton,WA,98059,995000,4,3.75,Highlands,3294,7767,2018,3,302,,Active,,,http://www.redfin.com/WA/Renton/16029-SE-140th-St-98059/home/145561556,NWMLS,1286350,N,Y,47.4767996,-122.1240631
MLS Listing,,Single Family Residential,17218 SE 42nd Place,Bellevue,WA,98006,825000,3,2.25,Cougar Mountain,1430,15693,1974,3,577,,Active,,,http://www.redfin.com/WA/Bellevue/17218-SE-42nd-Pl-98006/home/236199,NWMLS,1285765,N,Y,47.5692881,-122.1096134
MLS Listing,,Townhouse,10250 NE 129th Lane,Kirkland,WA,98034,595000,3,2.25,North Juanita,1480,2436,1984,3,402,130,Active,,,http://www.redfin.com/WA/Kirkland/10250-NE-129th-Ln-98034/home/456760,NWMLS,1286277,N,Y,47.7162761,-122.2038965
MLS Listing,,Single Family Residential,4822 S 292nd St,Auburn,WA,98001,385000,4,2.5,West Hill,1850,12600,1978,3,208,,Active,,,http://www.redfin.com/WA/Auburn/4822-S-292nd-St-98001/home/210954,NWMLS,1272085,N,Y,47.3400635,-122.2732136
MLS Listing,,Condo/Co-op,10129 Main St #101,Bellevue,WA,98004,549000,2,1.0,Downtown,1060,41733,1969,3,518,493,Active,,,http://www.redfin.com/WA/Bellevue/10129-Main-St-98004/unit-101/home/73128,NWMLS,1279440,N,Y,47.6096317,-122.2048568
MLS Listing,,Condo/Co-op,1100 17 Ave #204,Seattle,WA,98122,320000,0,1.0,Capitol Hill,600,23616,1929,3,533,370,Active,May-10-2018 10:30 AM,May-10-2018 01:30 PM,http://www.redfin.com/WA/Seattle/1100-17th-Ave-98122/unit-204/home/57331356,NWMLS,1286045,N,Y,47.611759,-122.309797
MLS Listing,,Condo/Co-op,14200 NE 171st St Unit B101,Woodinville,WA,98072,225000,1,1.0,Downtown Woodinville,604,,1983,3,373,349,Active,,,http://www.redfin.com/WA/Woodinville/14200-NE-171st-St-98072/unit-B101/home/60597,NWMLS,1285938,N,Y,47.752249,-122.149646
MLS Listing,,Condo/Co-op,177 107th Ave NE #1608,Bellevue,WA,98004,1390000,2,2.0,Downtown,1547,,1995,3,899,1305,Active,,,http://www.redfin.com/WA/Bellevue/177-107th-Ave-NE-98004/unit-1608/home/68648,NWMLS,1286298,N,Y,47.6115888,-122.198151
MLS Listing,,Single Family Residential,15108 111th Ave NE,Bothell,WA,98011,474500,3,2.0,Juanita,1680,9039,1976,3,282,,Active,,,http://www.redfin.com/WA/Bothell/15108-111th-Ave-NE-98011/home/457403,NWMLS,1285072,N,Y,47.7375098,-122.1920496
MLS Listing,,Single Family Residential,5028 157th Ave SE,Bellevue,WA,98006,1190000,4,2.75,Eaglesmere,3130,13300,1987,3,380,,Active,May-7-2018 01:00 PM,May-7-2018 04:00 PM,http://www.redfin.com/WA/Bellevue/5028-157th-Ave-SE-98006/home/237187,NWMLS,1286046,N,Y,47.5564183,-122.1304354
MLS Listing,,Single Family Residential,1601 NE Falls Dr,Issaquah,WA,98029,1025000,3,2.5,Issaquah Highlands,2350,3700,2013,3,436,76,Active,,,http://www.redfin.com/WA/Issaquah/1601-NE-Falls-Dr-98029/home/44657322,NWMLS,1275992,N,Y,47.5420171,-122.0099988
MLS Listing,,Townhouse,3420 91st St SE Unit B,Everett,WA,98208,349999,3,2.5,Eastmont,,3907,2000,3,,,Active,,,http://www.redfin.com/WA/Everett/3420-91st-St-SE-98208/unit-B/home/2895684,NWMLS,1286082,N,Y,47.914747,-122.185638
MLS Listing,,Condo/Co-op,13000 Admiralty Wy Unit B205,Everett,WA,98204,249950,2,1.75,Everett,830,322147,2002,3,301,252,Active,,,http://www.redfin.com/WA/Everett/13000-Admiralty-Way-98204/unit-B205/home/2898139,NWMLS,1285781,N,Y,47.8804869,-122.2588092
MLS Listing,,Single Family Residential,400 Highland Dr,Seattle,WA,98109,1800000,4,2.25,Queen Anne,2410,6098,1929,3,747,,Active,May-7-2018 11:00 AM,May-7-2018 01:00 PM,http://www.redfin.com/WA/Seattle/400-Highland-Dr-98109/home/132370,NWMLS,1284920,N,Y,47.629966,-122.3487694
MLS Listing,,Townhouse,22923 F 79th Lane W Unit F,Edmonds,WA,98026,669990,4,3.0,Esperance,2122,1392,2018,3,316,122,Active,,,http://www.redfin.com/WA/Edmonds/22923-79th-Pl-W-98026/unit-F/home/145561352,NWMLS,1286324,N,Y,47.8245561,-122.34023
MLS Listing,,Single Family Residential,19507 NE 162nd St,Woodinville,WA,98077,730000,3,2.5,Cottage Lake,2366,34100,1977,3,309,,Active,,,http://www.redfin.com/WA/Woodinville/19507-NE-162nd-St-98077/home/269429,NWMLS,1274723,N,Y,47.7452018,-122.0760029
MLS Listing,,Single Family Residential,1109 200th St SW,Lynnwood,WA,98036,645000,3,2.5,Alderwood Manor,2858,12632,1973,3,226,,Active,,,http://www.redfin.com/WA/Lynnwood/1109-200th-St-SW-98036/home/2752058,NWMLS,1285235,N,Y,47.8172887,-122.2484317
MLS Listing,,Single Family Residential,12842 1st Ave S,Burien,WA,98168,450000,5,2.0,Cedarhurst,2340,7750,1951,3,192,,Active,,,http://www.redfin.com/WA/Burien/12842-1st-Ave-S-98168/home/188591,NWMLS,1286146,N,Y,47.4872919,-122.3334235
MLS Listing,,Single Family Residential,17323 Ashworth Ave N,Shoreline,WA,98133,699000,3,3.0,Shoreline,2290,4105,2004,3,305,,Active,,,http://www.redfin.com/WA/Shoreline/17323-Ashworth-Ave-N-98133/home/2079366,NWMLS,1283842,N,Y,47.7546328,-122.3404536
MLS Listing,,Single Family Residential,8804 221st Ave NE,Redmond,WA,98053,1050000,5,2.5,Union Hill,2916,96703,1989,3,360,,Active,,,http://www.redfin.com/WA/Redmond/8804-221st-Ave-NE-98053/home/444455,NWMLS,1286118,N,Y,47.6803234,-122.044059
MLS Listing,,Condo/Co-op,9909 NE 1st St #209,Bellevue,WA,98004,629000,2,1.75,Downtown,1165,32300,1970,3,540,383,Active,,,http://www.redfin.com/WA/Bellevue/9909-NE-1st-St-98004/unit-209/home/2063556,NWMLS,1285650,N,Y,47.6114972,-122.2083162
MLS Listing,,Condo/Co-op,6356 138th Ave NE #280,Redmond,WA,98052,399000,2,2.0,Redmond,1123,433288,1969,3,355,552,Active,,,http://www.redfin.com/WA/Redmond/6356-138th-Ave-NE-98052/unit-280/home/33408,NWMLS,1279769,N,Y,47.6632609,-122.1571095
MLS Listing,,Single Family Residential,14423 Cascade Dr SE,Snohomish,WA,98296,625000,3,2.5,The Falls,2513,11326,1990,3,249,32,Active,,,http://www.redfin.com/WA/Snohomish/14423-Cascade-Dr-SE-98296/home/2821100,NWMLS,1285028,N,Y,47.8659901,-122.1431633
MLS Listing,,Single Family Residential,16636 159th Place SE,Renton,WA,98058,499999,4,2.25,Fairwood Greens,1980,7350,1979,3,253,25,Active,,,http://www.redfin.com/WA/Renton/16636-159th-Pl-SE-98058/home/233148,NWMLS,1282431,N,Y,47.4531359,-122.1275824
MLS Listing,,Single Family Residential,8726 NE 139th St,Kirkland,WA,98034,600000,3,1.75,Finn Hill,1400,8094,1967,3,429,,Active,,,http://www.redfin.com/WA/Kirkland/8726-NE-139th-St-98034/home/278251,NWMLS,1286261,N,Y,47.725829,-122.2235618
MLS Listing,,Single Family Residential,13603 41st Ave SE,Mill Creek,WA,98012,849995,5,2.75,Mill Creek,2875,7971,2018,3,296,,Active,May-12-2018 12:00 PM,May-12-2018 03:00 PM,http://www.redfin.com/WA/Mill-Creek/13603-41st-Ave-SE-98012/home/145560999,NWMLS,1286081,N,Y,47.8737909,-122.1773251
MLS Listing,,Single Family Residential,215 86th Ave SE,Lake Stevens,WA,98258,414950,3,2.5,Lake Stevens,1742,4356,1997,3,238,17,Active,,,http://www.redfin.com/WA/Lake-Stevens/215-86th-Ave-SE-98258/home/2851887,NWMLS,1284685,N,Y,47.9938371,-122.1140836
MLS Listing,,Single Family Residential,23335 NE 142nd Place,Woodinville,WA,98077,1028000,4,2.75,Lake Of The Woods,3290,40204,1998,3,312,27,Active,,,http://www.redfin.com/WA/Woodinville/23335-NE-142nd-Pl-98077/home/273409,NWMLS,1284563,N,Y,47.7282474,-122.0242345
MLS Listing,,Single Family Residential,452 Boston St,Seattle,WA,98109,1595000,3,1.75,Queen Anne,2910,3900,1923,3,548,,Active,May-8-2018 11:30 AM,May-8-2018 01:00 PM,http://www.redfin.com/WA/Seattle/452-Boston-St-98109/home/132718,NWMLS,1285453,N,Y,47.6384247,-122.3480266
MLS Listing,,Single Family Residential,835 S 143rd Place S,Burien,WA,98168,349975,3,1.5,Burien,2390,32150,1937,3,146,,Active,,,http://www.redfin.com/WA/Burien/835-S-143rd-Pl-98168/home/193711,NWMLS,1286258,N,Y,47.4744445,-122.3217575
MLS Listing,,Single Family Residential,327 329 NW 46th St,Seattle,WA,98107,700000,3,2.0,Fremont,1490,3880,1960,3,470,,Active,May-9-2018 01:00 PM,May-9-2018 03:00 PM,http://www.redfin.com/WA/Seattle/329-NW-46th-St-98107/home/145559172,NWMLS,1286260,N,Y,47.6620192,-122.3621325
MLS Listing,,Single Family Residential,15825 NE 164th St,Woodinville,WA,98072,2250000,4,3.5,Hollywood Hill,4890,35017,2005,3,460,125,Active,,,http://www.redfin.com/WA/Woodinville/15825-NE-164th-St-98072/home/2075609,NWMLS,1278915,N,Y,47.745804,-122.1270523
MLS Listing,,Single Family Residential,1441 20th Ave,Seattle,WA,98122,799950,3,3.0,Central Area,1980,3630,1904,3,404,,Active,,,http://www.redfin.com/WA/Seattle/1441-20th-Ave-98122/home/145611,NWMLS,1286257,N,Y,47.6141528,-122.3065148
MLS Listing,,Condo/Co-op,400 Boylston Ave E #211,Seattle,WA,98102,368000,1,1.0,Capitol Hill,515,14836,1931,3,715,406,Active,,,http://www.redfin.com/WA/Seattle/400-Boylston-Ave-E-98102/unit-211/home/61527,NWMLS,1282634,N,Y,47.6221441,-122.3228386
MLS Listing,,Single Family Residential,8610 45th Ave S,Seattle,WA,98118,308000,2,1.0,Seattle,860,3663,1909,3,358,,Active,,,http://www.redfin.com/WA/Seattle/8610-45th-Ave-S-98118/home/175026,NWMLS,1286203,N,Y,47.5257436,-122.2755161
MLS Listing,,Single Family Residential,8879 SE 47th St,Mercer Island,WA,98040,1785000,5,3.25,Allview Heights,3867,9525,2002,3,462,,Active,,,http://www.redfin.com/WA/Mercer-Island/8879-SE-47th-St-98040/home/256561,NWMLS,1285319,N,Y,47.5616975,-122.2206242
MLS Listing,,Condo/Co-op,14525 NE 45th St Unit F1,Bellevue,WA,98007,375000,1,1.0,Microsoft,803,425059,1980,3,467,353,Active,,,http://www.redfin.com/WA/Bellevue/14525-NE-45th-St-98007/unit-F1/home/42182,NWMLS,1282786,N,Y,47.6503828,-122.1464571
MLS Listing,,Single Family Residential,23204 9th Place W,Bothell,WA,98021,820000,5,3.25,Kenmore,3457,6098,1999,3,237,25,Active,,,http://www.redfin.com/WA/Bothell/23204-9th-Pl-W-98021/home/2862647,NWMLS,1286242,N,Y,47.787746,-122.2462315
MLS Listing,,Single Family Residential,23208 50th Ave W,Mountlake Terrace,WA,98043,430000,4,1.5,Mountlake Terrace,1266,8276,1951,3,340,,Active,,,http://www.redfin.com/WA/Mountlake-Terrace/23208-50th-Ave-W-98043/home/2722859,NWMLS,1277991,N,Y,47.7876264,-122.3009592
MLS Listing,,Single Family Residential,2808 NW 57th St,Seattle,WA,98107,975206,4,2.0,Ballard,1990,4850,1900,3,490,,Active,,,http://www.redfin.com/WA/Seattle/2808-NW-57th-St-98107/home/162664,NWMLS,1284785,N,Y,47.6704382,-122.3933939
MLS Listing,,Single Family Residential,16025 NE 6th St,Bellevue,WA,98008,1100000,5,2.5,Lake Hills,2590,37846,1963,3,425,,Active,,,http://www.redfin.com/WA/Bellevue/16025-NE-6th-St-98008/home/500239,NWMLS,1285008,N,Y,47.6147352,-122.1256919
MLS Listing,,Townhouse,7943 9th Ave SW Unit A,Seattle,WA,98106,379950,2,1.5,Highland Park,952,1362,2007,3,399,,Active,,,http://www.redfin.com/WA/Seattle/7943-9th-Ave-SW-98106/unit-A/home/145560672,NWMLS,1285278,N,Y,47.530619,-122.347298
MLS Listing,,Townhouse,1313 52nd St NE,Auburn,WA,98002,289950,3,2.5,Auburn,1539,341927,2008,3,188,195,Active,,,http://www.redfin.com/WA/Auburn/1313-52nd-St-NE-98002/unit-1303/home/39904850,NWMLS,1283727,N,Y,47.3534946,-122.2138782
MLS Listing,,Condo/Co-op,975 Aberdeen Ave NE Unit G302,Renton,WA,98056,226000,2,1.75,Highlands,922,365642,1990,3,245,360,Active,,,http://www.redfin.com/WA/Renton/975-Aberdeen-Ave-NE-98056/unit-G302/home/9331,NWMLS,1286023,N,Y,47.4998752,-122.1925041
MLS Listing,,Condo/Co-op,15 Prospect St Unit B202,Seattle,WA,98109,589000,2,1.0,Queen Anne,752,11479,1990,3,783,600,Active,May-7-2018 10:30 AM,May-7-2018 12:00 PM,http://www.redfin.com/WA/Seattle/15-Prospect-St-98109/unit-B202/home/12170161,NWMLS,1284502,N,Y,47.6285562,-122.3559553
MLS Listing,,Single Family Residential,10630 Culpeper Ct NW,Seattle,WA,98177,1495000,3,1.75,Blue Ridge,2680,25641,1946,3,558,84,Active,,,http://www.redfin.com/WA/Seattle/10630-Culpepper-Ct-NW-98177/home/288460,NWMLS,1285790,N,Y,47.7063292,-122.3797063
MLS Listing,,Single Family Residential,6241 123rd Ave SE,Bellevue,WA,98006,775000,5,2.75,Bellevue,2540,10624,1962,3,305,,Active,,,http://www.redfin.com/WA/Bellevue/6241-123rd-Ave-SE-98006/home/417231,NWMLS,1285947,N,Y,47.5463526,-122.1760944
MLS Listing,,Single Family Residential,605 22nd St,Snohomish,WA,98290,387000,3,1.75,Blackmans Lake,1054,27443,2000,3,367,,Active,,,http://www.redfin.com/WA/Snohomish/605-22nd-St-98290/home/2478433,NWMLS,1286150,N,Y,47.937984,-122.08868
MLS Listing,,Single Family Residential,4457 119th Ave SE,Bellevue,WA,98006,999888,4,2.75,Bellevue,2540,17476,1958,3,394,,Active,,,http://www.redfin.com/WA/Bellevue/4457-119th-Ave-SE-98006/home/418023,NWMLS,1286169,N,Y,47.565885,-122.181651
MLS Listing,,Single Family Residential,212 Blaine St,Seattle,WA,98109,1395000,4,3.0,Queen Anne,2540,4080,1906,3,549,,Active,May-7-2018 11:00 AM,May-7-2018 01:00 PM,http://www.redfin.com/WA/Seattle/212-Blaine-St-98109/home/133494,NWMLS,1282870,N,Y,47.6350472,-122.3524878
